PPH1	PPH2	PPH3	PPH4
CRYBB2	0.910541178508214	1.12719426881461e-08	0.0837861827421707	0.00567250498882305
RAF1	0.909999520050034	1.08197440289743e-08	0.0804207819593988	0.00957956475483891
ZNF41	0.886638110412664	1.34963913905309e-08	0.100314616425858	0.0130471403917513
ELK1	0.90509998395652	1.20381302113391e-08	0.0894820193981424	0.00541786285032339
GUCA1A	0.915428072509882	1.01441836211417e-08	0.0753992987059431	0.00917249549374233
OCRL	0.922002990948933	9.76690790700757e-09	0.0725985312711813	0.00539834398224971
SPDEF	0.894348803816	1.14202580979136e-08	0.0848736049819782	0.0207774594711629
SNAI2	0.898455926355771	1.2970805241592e-08	0.0964155033314189	0.00512843647890083
KCNAB2	0.894966154940157	1.33597317807267e-08	0.0993060540366481	0.00572765726981363
POLH	0.922742215067185	9.69541616551594e-09	0.0720672935414362	0.00519035756579112
VDR	0.919453302356878	1.01093915472876e-08	0.0751444364233	0.00540212742269442
HOGA1	0.909715919197576	1.09154692640649e-08	0.0811327997860052	0.00915114772311534
MUTYH	0.905345154029984	1.19278893566539e-08	0.088661950824547	0.00599276142771617
DUSP4	0.918787720869509	1.02236960805935e-08	0.075994322431789	0.00521782287680526
ZHX3	0.873890514916647	1.03079364777829e-08	0.0765762220819858	0.0495331351349431
SIGLEC12	0.923242269385563	9.55622999344115e-09	0.0710320949050854	0.00572550195568108
TP63	0.914192613446405	1.082370156372e-08	0.0804544276899209	0.00535282505991978
SGK3	0.912604226495474	1.08075265734036e-08	0.0803324778800451	0.00706316205057604
BRD4	0.910270259372867	1.09223587597279e-08	0.0811846201551569	0.00854498709721212
WNT10A	0.828464760455051	2.21537581027995e-08	0.164676776380762	0.00685832956275542
CUL3	0.905243694757251	1.20128602022083e-08	0.0892941264124439	0.00546204504123031
BIRC2	0.915498094911817	1.00814571950534e-08	0.074932614753819	0.00956915709723723
NCF2	0.918157992870242	1.0239962401407e-08	0.0761147315060767	0.00572714187023244
CBFB	0.915951000111222	1.05008888154284e-08	0.0780541036546094	0.00599476251668381
TERF1	0.917572981674733	1.01363253540205e-08	0.0753429715564232	0.00708391319772866
ILK	0.910755120522052	1.12959115260181e-08	0.0839647515842571	0.00527999408014892
GAN	0.910460693986136	1.09965710272192e-08	0.0817370321992505	0.00780214034001929
FOXM1	0.916508415321678	1.04798455125335e-08	0.0778980761606088	0.00559337474628727
RAD23A	0.914999364877075	1.07096923643221e-08	0.0796068806038994	0.00539362072075432
RBBP9	0.915511575769684	1.05193217606148e-08	0.0781908253067376	0.00629746524677446
PLCG2	0.912660155892893	1.09976344724087e-08	0.0817471470724991	0.0055925632630713
BRD2	0.920075458709372	9.94123058334426e-09	0.0738937554863014	0.00603065209166573
ACBD6	0.912209461671	1.11049010928095e-08	0.0825448783208075	0.00524552619001879
AP4M1	0.903950624891132	1.07172143872049e-08	0.0796517929793183	0.0163974498100678
NEFL	0.85924126012275	1.78272281141705e-08	0.132513411357635	0.0082451951045619
STAR	0.919522150269976	1.01135583088656e-08	0.075175510658644	0.00530220526082304
APRT	0.922089582132639	9.76735721769034e-09	0.0726019613178954	0.00530832273973071
ASMTL	0.916655693911332	1.04494855332853e-08	0.0776723117342944	0.00567186059349476
STUB1	0.90459318720432	1.19603621386396e-08	0.088902831548368	0.0065038475982428
ENO2	0.909282215954219	1.12890289868624e-08	0.0839120634952193	0.00680558694204315
IL10RA	0.920158113235224	9.70097566556047e-09	0.0721060756869444	0.00773567759430683
STAT3	0.911068343464948	1.11725185109637e-08	0.0830468844998317	0.00588463830293618
JUN	0.913148035735347	1.03816750154634e-08	0.0771642152495544	0.0096876157938911
OAS1	0.911335701644138	1.08896519644133e-08	0.0809423119024054	0.00772185296807258
SMAD3	0.916963472732565	1.04726133821249e-08	0.0778447166178033	0.00519167682422079
SMAD2	0.916059054723583	1.05451977874544e-08	0.0783839196167459	0.00555689188334101
PDGFRA	0.894434647008362	1.33420799438035e-08	0.0991741727903331	0.00639104653707651
STAT1	0.916757798897656	1.04546424139915e-08	0.0777107868423248	0.00553128048024773
STAT6	0.915276770015906	1.06806528604002e-08	0.0793910722325252	0.00533202394501936
ZNRF3	0.913747450716039	1.08422795870294e-08	0.0805922231397431	0.00566019238177082
ANGPTL3	0.907788797733808	1.17035567461623e-08	0.0869951139693673	0.0052159544746771
MCL1	0.823454141876864	2.20954891841137e-08	0.164238175490524	0.0123075497634944
STX12	0.91563085302496	1.0107433656505e-08	0.0751260412724828	0.00924297242159478
SCARA5	0.370665109120988	8.4352849593058e-08	0.627048609899747	0.00228614676338635
NPDC1	0.9232463241351	9.55976323280904e-09	0.0710583901758836	0.00569515193126701
B4GALT5	0.922758579790229	9.4058063303065e-09	0.0699122921672211	0.00732899450437013
KIR2DS2	0.92578769139399	8.99946645067688e-09	0.066891705812151	0.00732046925453492
SLC3A2	0.918536618728819	1.02349006857174e-08	0.0760774457432338	0.0053858017286247
KIAA1644	0.59706815496783	5.37321982789591e-08	0.399423698536164	0.00350801244432987
AGA	0.869414928091193	1.68935094649011e-08	0.125575694887638	0.00500924317124121
CLMP	0.916717952675628	1.03570022643246e-08	0.0769841961606829	0.00629771748691807
TMEM190	0.926333653385693	8.73505909905505e-09	0.0649247689409896	0.00874144432495541
APOM	0.903392294984834	1.14753643205501e-08	0.0852927088227306	0.0113148631899111
PABPC3	0.913879202843223	1.08726441033096e-08	0.0808183006366624	0.00530236270957783
SHISA2	0.913679609689447	1.0544967030933e-08	0.0783798207056116	0.00794043614893252
NUCB1	0.921294258754525	9.78917145038215e-09	0.0727634872366135	0.00594212028430241
CEACAM20	0.699292473929146	3.98020739097326e-08	0.295870480045264	0.00483691215250181
DNAJC16	0.912545532469202	1.08818419455731e-08	0.0808854077590246	0.00656892613145034
IL31	0.916085511641559	1.04239948997725e-08	0.0774820624512002	0.0064322922485548
INSL5	0.901346080140243	1.25459240962707e-08	0.0932568103385568	0.00539697572337918
ANTXR1	0.923319148224328	9.47058540645677e-09	0.0703948813301147	0.00628583676718995
RPN1	0.910313075454289	1.07853809526012e-08	0.0801653965025577	0.00952139479960723
CLCA1	0.907158298696559	1.17559776141229e-08	0.0873845521236158	0.00545701539007274
TMEM106A	0.912876920652309	1.09415985272449e-08	0.0813303945936952	0.00579255100933623
ACRV1	0.907571953362942	1.17006876995785e-08	0.0869735480254536	0.00545436482149671
SCIMP	0.906154864003146	1.17762336685335e-08	0.0875342751514448	0.00631072717038637
CSF2RB	0.916459756173596	1.04936344303701e-08	0.0780006322649871	0.00553947778274727
KCNIP3	0.914487824976996	9.90254898137644e-09	0.0736003283216493	0.0119117137790415
PTGDS	0.909435793133834	1.11210232746212e-08	0.0826620687544544	0.0079020046505376
MXRA8	0.914125364356227	1.06912281414956e-08	0.0794686114717279	0.00640589050981021
DHX9	0.913902046218777	9.91068809980607e-09	0.0736603060070977	0.0124375149224722
PSMB6	0.899909591056614	1.27377871300796e-08	0.0946830457641888	0.00540722938275448
NRAS	0.871201682025678	1.43663350545238e-08	0.106772508381018	0.0220256780301915
PARP1	0.917224857907393	1.04343476578225e-08	0.077560238917904	0.00521476935239657
COX6A2	0.907283791400557	1.17826393788396e-08	0.0875830707844808	0.00513300398166689
TSPEAR	0.902209585004147	1.24084530081784e-08	0.0922347376399433	0.00555554357939941
BMPR1B	0.916691809133244	1.04462713619041e-08	0.0776484308926943	0.00565962621153954
KLRC4	0.897022569829654	1.3093507891809e-08	0.0973271120822695	0.00565018432428492
TOR1AIP2	0.920657727945694	9.91985743070913e-09	0.0737352984240168	0.00560683986067197
GLB1	0.826164924158085	2.26741283417284e-08	0.168546604839451	0.00528833719004232
TEX29	0.91833676111484	1.02403089457435e-08	0.0761174891267605	0.00554561598055517
PCDH9	0.920654232707666	9.71383181490226e-09	0.0722022362852177	0.00714339744399443
ITM2C	0.919713289945308	1.0069684104263e-08	0.0748492293412224	0.00543734692107473
PGLYRP3	0.896711624535198	1.27064411250021e-08	0.0944465956200755	0.00884164650982996
LYSMD3	0.910009400835093	1.13019592349495e-08	0.0840090067669175	0.00598145867871699
SLITRK3	0.916868963539195	1.04344695718171e-08	0.0775607898423086	0.00557011284394303
SCGB1A1	0.918530701983465	9.85505797752545e-09	0.0732509896076738	0.00821817499017663
MGAT1	0.907925951621248	1.01117135869976e-08	0.0751501760779287	0.0169237400520692
CST8	0.886687699486316	1.18203733702491e-08	0.0878432367385207	0.025468932674785
AXL	0.910151205619603	1.11287215068698e-08	0.082720068252594	0.00712859256269091
PUF60	0.92450319831041	9.37125871996186e-09	0.0696569660691676	0.00583970188209975
SFTA2	0.912592276047462	1.06722921498382e-08	0.0793261721096092	0.00808141840586586
POMK	0.911426606270045	1.12125367395053e-08	0.0833450230395242	0.00522823686993338
TMEM108	0.919189507944377	1.00257038205438e-08	0.0745214430403396	0.00628891533732987
NDUFS4	0.899876890225834	1.26182338000421e-08	0.0937934039165097	0.00632957218516688
ST3GAL5	0.897733850269781	1.28910175844432e-08	0.0958210720429205	0.00644494403031226
RAET1L	0.903081437599365	1.10593899271342e-08	0.0821970877074891	0.0147213421484132
CLGN	0.928951417016527	8.86685849086546e-09	0.0659081226947418	0.00514032645641928
HTN3	0.919515589969985	1.00460881448514e-08	0.0746734513859349	0.00581082490187553
APMAP	0.901504992083903	1.25600170829209e-08	0.0933618368303927	0.00513303725241452
HTN1	0.919871273775402	9.67879106549773e-09	0.0719407105787816	0.00818788222306205
PLOD3	0.904632071125062	1.21078936556388e-08	0.0900006682665611	0.00536712680654445
CASC4	0.917919734904745	1.01478243818981e-08	0.0754288841529697	0.00665124731302369
MPZ	0.926562937111626	9.13829208118656e-09	0.067925498196943	0.00551143090899162
PODXL2	0.92211210342872	9.76582638299508e-09	0.07259059275706	0.00529717000298725
LRP2	0.912006372998437	1.09975028358251e-08	0.0817455131131831	0.00624798020492438
MSMB	1.24529336348554e-10	3.9212083531249e-09	0.0281771296975742	0.97182286625669
PRR16	0.924880078417405	9.36447851121618e-09	0.0696068910682153	0.00551289673213824
MUC1	0.819637787271098	2.33837479474199e-08	0.173820426542284	0.00654165254263011
SPINK13	0.909217888920657	1.14620271929722e-08	0.0851992972562662	0.00558268005021177
APLP2	0.903679728925197	1.22557962649373e-08	0.0911002741037651	0.00521986314941564
HTATIP2	0.889466536960081	1.13728042099743e-08	0.084515608372329	0.026017723640963
OLFM3	0.910541881878382	1.12734716961069e-08	0.0837975609579968	0.0056604234012049
ASCC1	0.903169481808738	1.232597063022e-08	0.0916219383024957	0.00520844606560872
INSIG1	0.922275941775355	9.7071972388969e-09	0.0721544910282639	0.00556943342173706
GNPTG	0.919721552176383	9.12684340320004e-09	0.0678334591256084	0.0124448558473435
C1orf185	0.785396970279158	2.82631951113134e-08	0.210094639611183	0.00450825619240331
STX4	0.912656462702509	1.10074319609003e-08	0.0818200475352429	0.00552335598141162
SFTPB	4.02934094838932e-06	1.34522567216588e-07	0.999995811837176	2.42987675708531e-08
NDUFB4	0.909056519462121	1.12627126242285e-08	0.0837160147040849	0.00722733228195283
KLRG2	0.917231724546044	1.03463511660643e-08	0.0769054544857015	0.00586268723301949
WFDC10B	0.888099743385181	1.41553193523627e-08	0.105219232953353	0.00668089003618873
LRP1	0.921482785753899	9.7671655992624e-09	0.0725999280608165	0.00591715245736991
COL28A1	0.920480188029507	9.75671461838606e-09	0.0725211575930035	0.00699852079489948
SUDS3	0.914590249570452	1.03166930932456e-08	0.0766821214747058	0.00872749560460645
LRMP	0.869796246452537	1.60090849710566e-08	0.118994979346707	0.0112086411839571
ST6GALNAC3	0.822776702617547	2.31804664964923e-08	0.172310929584382	0.00491223393510829
GNRH2	0.907557820242477	1.16362537420049e-08	0.0864940739091657	0.00594797212458411
ZPBP2	0.905708192478529	1.19727731406192e-08	0.0889962992629046	0.00529537444709111
CD300LB	0.920016277101441	9.96359854978747e-09	0.0740601386758291	0.00592345049566236
SYK	0.919334014904722	1.01514649851212e-08	0.0754573899667732	0.00520846130535041
HS3ST5	0.922915709324933	9.64250281877064e-09	0.0716737333375808	0.00541042354147302
PCDHB2	0.911726698965341	1.11014837707167e-08	0.0825189664156419	0.00575420086920313
CDYL2	0.88942652143689	1.11925031603121e-08	0.0831739289244089	0.0273994187977581
ADAM7	0.920579236421223	9.91915559796529e-09	0.0737299974414091	0.00569063237901006
UCN3	0.913087967015659	1.0822992969301e-08	0.080448049210739	0.00646385011915779
KERA	0.92322552499185	9.45551086351903e-09	0.0702826163270474	0.00649172503040309
GRIA4	0.902153982315637	1.14684958024982e-08	0.0852403598929834	0.0126055249623068
TMED2	0.909438036805862	1.07433762409301e-08	0.0798519590362537	0.0107098710740559
GPR64	0.901980092080208	1.24434607993019e-08	0.0924950046348278	0.005524769504318
CSGALNACT2	0.902400884280271	1.20049448036828e-08	0.089232381429009	0.00836660089198235
CLEC4G	0.916798471707318	1.04756828595396e-08	0.0778673917612895	0.00533400272510962
LRRC52	0.907689153702072	1.13857432443923e-08	0.084630129971217	0.00768058283578058
SERPINH1	0.905841299184908	1.15335064300654e-08	0.0857278019334674	0.00843076549151084
KLRB1	0.881454371075834	1.4485410342103e-08	0.107668823283456	0.010876672579298
CD1A	0.911281902700967	1.1182618598977e-08	0.0831222541079025	0.00559570942001637
HABP4	0.912763809416367	1.0877111299667e-08	0.0808504250124039	0.00638563190627366
SMPD1	0.509551056652881	6.51996818390455e-08	0.484666865350472	0.00578194425056211
VSIG10	0.914270490331973	1.08058459988291e-08	0.0803216404769046	0.00540773539474757
LINGO3	0.89029939191297	1.33116083900963e-08	0.0989432913054544	0.0107571837041061
EFCAB14	0.918399927616782	1.01369298013006e-08	0.0753482970871025	0.00625164161315343
B4GALT6	0.921956247860774	9.76593856193355e-09	0.0725912714809372	0.00545234686790957
HHIP	0.920760327187309	9.94146000224183e-09	0.0738961481709767	0.00534339083669289
A4GNT	0.881726811708321	1.5038290436124e-08	0.111783135902691	0.00648991873804663
SIGLEC15	0.894614511187035	1.23044713716142e-08	0.0914533964847228	0.0139319596774264
BTNL3	0.908760793060759	1.12283920629198e-08	0.0834603357146051	0.00777873774689727
EBI3	0.911692567903121	1.01905803211438e-08	0.0757408022680723	0.0125664969944883
HNRNPDL	0.907935255588713	1.1550467785387e-08	0.0858561092450394	0.00620850147748587
SMEK1	0.92071029128356	9.94632105509599e-09	0.0739322696991199	0.00535730521416872
BRAT1	0.902403878069204	1.21469122725146e-08	0.0902887795436933	0.00730720884599585
FAM163B	0.912660298169392	1.10318213375445e-08	0.0820015353344135	0.00533803269045238
DSC1	0.91002007162918	1.1056755473162e-08	0.0821844300342907	0.00779536486102479
C6orf89	0.914107160996112	1.08058071162029e-08	0.0803211876542742	0.00557151757525069
MRAP2	0.918606342686072	9.98084875761767e-09	0.0741870879711183	0.00720643578815976
LCTL	0.912989781492992	1.06439845228921e-08	0.079115929933624	0.00789415511115608
OSMR	0.914387136931439	1.03620939916623e-08	0.077019751099116	0.00859297860113177
STMN2	0.918273406435496	1.01094575947102e-08	0.0751437468120776	0.00658271311395532
NTM	0.922708916459897	9.54386789619326e-09	0.070939573330549	0.00635137653999337
GALNT13	0.909205581243663	1.14483427272769e-08	0.0850974573635815	0.00569682763523089
CEACAM4	0.918811452842154	1.01984496905235e-08	0.0758064850991039	0.00538192825890035
PLA2R1	0.910617390749956	1.12231096502161e-08	0.0834228871731592	0.0059595883546729
GNGT2	0.909638260228759	1.13500840351886e-08	0.0843667370399021	0.00599486901386932
CYB5D2	0.916038777331911	1.04046001724989e-08	0.0773376974303448	0.00662339160473953
CD58	0.911791362040527	1.11053981481441e-08	0.0825481584445035	0.00566034575254289
PLEKHA4	0.921117694698371	9.78677643969551e-09	0.0727454889651455	0.00613668263807233
SRL	0.91837597748047	1.0260887388493e-08	0.0762706547755913	0.00535323394024016
STX6	0.916334436459264	1.04606381543071e-08	0.0777549780009296	0.00591045181099223
PLD3	0.897627120857818	1.23997854790357e-08	0.0921656545768528	0.0102070914139329
RPLP2	0.911323199453898	1.10461212704509e-08	0.0821066042271047	0.00657006267882655
CLEC2A	0.90596188750874	1.05119503689979e-08	0.0781264147446084	0.0159115653618724
CLEC10A	0.904903340592456	1.20712757036509e-08	0.0897284617108573	0.00536806389498084
GCSH	0.912143699527834	1.0934155212664e-08	0.0812742741387154	0.00658189269486948
BET1L	0.898085462990455	1.28186014393163e-08	0.0952825677274181	0.00663183565025657
RARRES3	0.909576054368867	1.11505338215515e-08	0.0828818002917434	0.00754201182983756
SPINK7	0.906947596273172	1.16744694191483e-08	0.0867778300147739	0.00627444003215474
MUCL1	0.90518865853512	1.20057220700861e-08	0.0892409557166335	0.00557025197371278
UCMA	0.914939941071855	1.00648101330338e-08	0.0748081834724282	0.0102517423103221
GH2	0.910549944417819	1.12994484152479e-08	0.0839908645737452	0.00545905721895728
NRG3	0.906583249865573	1.18355247556191e-08	0.0879758952859058	0.00544072105658038
LRRK2	0.920551313002247	9.99507914461723e-09	0.0742949247201072	0.00515362844712177
BGLAP	0.907720753820452	1.14640745083064e-08	0.0852130329146777	0.00706607969135836
N6AMT1	0.905577950344663	1.1822885155688e-08	0.0878808363651496	0.00654107964612167
PDXK	0.926830372815816	9.12153415323996e-09	0.0678010683664054	0.00536842501612076
TLR4	0.923503234335206	9.52014572083527e-09	0.0707638491999026	0.00573278271219909
REG4	0.905401581918869	1.19380017956869e-08	0.0887372550492195	0.00586102929645492
HSPB1	0.913209163449123	1.09295748824103e-08	0.0812412579420621	0.00554944483148449
CHI3L1	0.932568545301795	8.29697377121839e-09	0.0616711703006143	0.00576015064857654
ENO1	0.919954185612468	1.00138924153724e-08	0.0744343185545348	0.00561136206398778
TENM3	0.901865133076845	1.13714578976015e-08	0.0845180013267791	0.0136167329031973
SVEP1	0.91873714454159	1.00502889395925e-08	0.0747039307240882	0.00655879109263662
TMEM119	0.915392413751055	1.06657285201486e-08	0.0792801343801808	0.00532731806158262
TMEM167A	0.907013498510588	1.18143990024409e-08	0.087819126976654	0.00516724068406456
C11orf87	0.921147403275987	9.89891244706394e-09	0.073579934726371	0.00527252818309677
SPATA20	0.917046118208081	1.04459800008652e-08	0.0776466175078309	0.00530713047419459
RAB17	0.910053618571627	1.05250056330939e-08	0.0782276561883464	0.0117185922917586
NAT14	0.910754353607284	1.09190091393397e-08	0.0811601798505105	0.00808533310566967
SPG21	0.911816507866791	1.10778382008932e-08	0.0823431071006877	0.00584025129427062
TMEM132C	0.90615866982902	1.18257772053877e-08	0.0879029377171104	0.005938258728792
BMP15	0.914329228929645	1.03341493863947e-08	0.076811754336885	0.00885888340088925
CACNB4	0.913787315504829	1.08509736552991e-08	0.0806569565362004	0.00555559418246735
MRPL55	0.911734651871379	1.12080385151334e-08	0.0833118596249192	0.00495335464626373
RUNX3	0.899560422248472	1.17423562485674e-08	0.0872755886028643	0.013163856394622
COL1A1	0.855927745817459	1.39913088580336e-08	0.103966609119298	0.0401055159298543
ANGPTL1	0.910997754288605	1.12569493204499e-08	0.0836750725225937	0.0053270393815822
DEFB116	0.910711785630854	1.09526676279211e-08	0.0814105936529664	0.00787748725171075
KIAA1549L	0.919322082267869	1.00584334912735e-08	0.0747651207274721	0.00591266327614003
TBX22	0.910865672954366	1.10314039016963e-08	0.0819966327277473	0.00713756075398144
TREML1	0.896906323506811	1.31178474691355e-08	0.0975081091173844	0.00558543360331074
NFE2L1	0.829477468147814	1.36749613717144e-08	0.101586156884698	0.0689362497086225
COL6A5	0.900063953505464	1.12565627038796e-08	0.0836612509203468	0.0162746632382051
CCDC64	0.912455884383592	1.06780477276326e-08	0.0793688634512812	0.00817511874065751
RNF122	0.899801111702057	1.27612691844653e-08	0.0948576696541397	0.00534108483847151
SPG20	0.919650293903155	1.00902671597118e-08	0.0750023269989055	0.0053472452934362
FAM162B	0.909320067567495	1.14904693616391e-08	0.0854110407559284	0.00526875786152539
TENM2	0.912472927992309	1.04974905947199e-08	0.0780253355767635	0.00950160318472164
MTMR1	0.909039072561673	1.13096526514345e-08	0.0840652830020299	0.00689551083986295
MEGF10	0.922961692984594	9.64801876314924e-09	0.0717148240992853	0.00532334910840567
FLNA	0.903521603082873	1.22804739031241e-08	0.0912837447644482	0.0051945183276508
MILR1	0.912808559998582	1.04926900972378e-08	0.0779899505296424	0.00920135618522058
THSD7A	0.92237891764015	9.57741099837336e-09	0.0711888408118531	0.00643210788928546
LPCAT2	0.912078035507641	1.09335866371169e-08	0.0812699775775063	0.00665185328567241
KRT5	0.920336935557465	9.55872238300505e-09	0.0710477327999108	0.008615198277296
TSSK1B	0.889253332751774	1.07828825467437e-08	0.080125724771025	0.0306208120691763
SMARCC1	0.918721201302083	1.02081672367369e-08	0.0758787040577994	0.00539996084269775
GCH1	0.894349419187256	1.17921747993148e-08	0.0876410775467014	0.0180093711631833
TMEM52	0.911735503561571	1.11703918375052e-08	0.0830317275232098	0.00523263509531295
CLEC12A	0.92500906132724	9.34081275297723e-09	0.069430920742329	0.00555988415450307
HNF1A	0.902572024234777	1.22236008219836e-08	0.0908595955560406	0.00656824656876713
SIT1	0.916568118209755	1.0441754791317e-08	0.0776146987931883	0.00581704925568918
COL6A3	0.918699368246459	9.82186437312909e-09	0.0730041612826827	0.00829633706267775
CREB3L1	0.909947179597931	1.12194983854066e-08	0.0833953444833903	0.00665734229023671
PUS1	0.920661169425925	9.87205553573588e-09	0.0733796028564044	0.00595909399539235
TBX5	0.90325908706859	1.12408434590578e-08	0.0835474806709018	0.0131932995104239
CXADR	0.915493179260436	1.04852924048313e-08	0.0779375908162499	0.00656909628301276
MSR1	0.907861961756293	1.16832331628883e-08	0.0868439572500452	0.00529394718199497
NAGPA	0.784093984054787	2.84214188712354e-08	0.211270695238878	0.00463518680613733
TBCE	0.916158667444915	1.05487033250663e-08	0.0784101044094535	0.00543109435239559
TXNDC5	0.922406684617744	9.48844271758186e-09	0.0705268461147913	0.00706633569398622
DNAJB9	0.916026200728258	9.98149441875057e-09	0.0741893096796271	0.00978435638390788
CDH15	0.922243973451758	9.7290256955821e-09	0.0723168869085143	0.00543900584755669
CTBP1	0.915673813269397	1.05931674638477e-08	0.0787404814816408	0.00558557147648688
FGFBP3	0.89433073667004	1.33658673190668e-08	0.0993510731791758	0.0063180564767469
C10orf105	0.911381892096762	1.08315081165657e-08	0.0805097035492332	0.00810827092055094
TMEM154	0.919361061806962	1.00485666674591e-08	0.0746917396548516	0.00594706481429116
UBE3A	0.915560153417578	1.04744772446888e-08	0.077857181094239	0.00658253184968767
TBL2	0.909369576852164	1.14539042773583e-08	0.0851390056122926	0.00549128375039752
RIC3	0.907912750279078	1.11064424960176e-08	0.0825520470539366	0.00953506942527785
ERN1	0.910883316975124	1.1282031186152e-08	0.083861594815713	0.0052549543922563
FDX1L	0.922978938513473	9.58152340677048e-09	0.0712200423041016	0.005800885438885
PCOLCE	0.914030335223119	1.02382749686242e-08	0.0760980433482894	0.00987148823209396
TMPRSS6	0.814933025195395	2.3335844997547e-08	0.173459266097248	0.0116075757441704
ASL	0.895488853029763	1.27301625502405e-08	0.0946218852864317	0.00988912848967987
TGM1	0.909257904322818	1.14400437212315e-08	0.085035755947545	0.00570620597337279
ADGRF1	0.912407833464553	1.10835681920013e-08	0.0823863364948958	0.00520569621702514
NAGS	0.9177296402839	1.003016341285e-08	0.0745531660144227	0.00771706021564957
UROS	0.916414885503023	1.03571050073878e-08	0.0769846573122192	0.00660032354865355
LRCH4	0.915304719501154	1.05680417596363e-08	0.078553148966323	0.00614199783482581
MADCAM1	0.909519618658788	1.14445350217714e-08	0.0850694381715201	0.00541080937373071
SUN5	0.917974621445747	1.02527594039213e-08	0.0762097718153212	0.00581547299735113
CASQ1	0.92518570555653	9.38454483746689e-09	0.0697565126808982	0.00505764791914927
XDH	0.907502290229972	1.12220370657741e-08	0.0834117877384638	0.0090857887294769
ALDH1A1	0.883290538693228	1.28962371458444e-08	0.0958454535862074	0.0208638760013186
SELPLG	0.897392572043255	1.31030710985641e-08	0.0973986432990816	0.00520865083453375
CHCHD10	0.917044947322591	1.04275098978603e-08	0.0775091783240792	0.00544574056206264
GSTT2B	0.919965730113992	9.58591783530822e-09	0.0712497254917714	0.00878441105164836
LRP1B	0.915325312047832	1.06826491038943e-08	0.0794059750844769	0.00526857905261585
COL11A2	0.908963319016779	1.08015200904863e-08	0.0802841384457896	0.0107524094593212
GABBR1	0.901249959436645	1.25056502888781e-08	0.0929570324138427	0.00579287440489539
GAD1	0.91026409212322	1.12570857662435e-08	0.0836753534336745	0.00606042073444401
GRB7	0.889474244738561	1.27578094908585e-08	0.0948215884984669	0.0157040343503018
DCAF5	0.911882359266829	9.75432313505272e-09	0.0724947558734139	0.0156227524361635
LAIR1	0.914320601980104	1.07432855506893e-08	0.0798561716537577	0.00582309262558193
VIMP	0.908415176860876	1.15887499325397e-08	0.0861414511977196	0.00544323814980167
NT5C2	0.911039199301384	1.12251707222235e-08	0.0834386460612206	0.0055220208563786
CSNK1D	0.885072153285226	1.41119122796618e-08	0.104893205662208	0.0100345078779764
SCARA3	0.90381547925897	1.11237972631034e-08	0.0826770843588364	0.0135073036743083
LRRN1	0.933152797908811	8.23908436850392e-09	0.0612409939017163	0.0056060744197526
NOTCH2	0.901915034621361	1.2461151762443e-08	0.0926265798608817	0.00545825172817167
SORT1	0.890173376275743	1.17356423171934e-08	0.0872162330778286	0.0226102591618767
TNR	0.913419487803259	1.08559198847777e-08	0.0806933937627648	0.00588698470200616
SAMHD1	0.904474435861945	1.15193712401642e-08	0.0856212522420251	0.00990417870392644
WWP1	0.908827748549103	1.13401229903467e-08	0.0842918045168652	0.00688031333555528
CREB3L4	0.923520284896811	9.47806868507729e-09	0.0704507665446461	0.00602881484563405
RAG1	0.914957251477295	1.03018663861919e-08	0.076572161731243	0.00847045340668202
PPM1D	0.846457978170955	1.00947043375017e-08	0.0749620789221923	0.0785798189439715
MRE11A	0.912373268321054	1.03962402551563e-08	0.0772718212126872	0.0103547773347105
CHFR	0.914877614207316	1.04341698681094e-08	0.077556566372026	0.00756568591428805
BTG2	0.914467407463955	9.61625648244419e-09	0.0714699747823763	0.0140624851203926
CLK2	0.917716340477559	9.73525869111534e-09	0.0723587351290985	0.00992479120400929
USB1	0.910657626104838	1.10612448420206e-08	0.082218474100825	0.00712376622857736
CSNK2B	0.924145342973261	9.42633110126665e-09	0.0700664073344218	0.00578811594706076
LILRB3	0.913601488130355	1.08577706699808e-08	0.0807073478359215	0.00569103027541954
FANCF	0.912721854415563	1.07816924334035e-08	0.0801403610272249	0.00713765099331806
BLK	0.888931113497031	1.31054867915852e-08	0.0974081487995779	0.0136606050161075
PLXDC2	0.914606356136755	1.07436460625931e-08	0.0798591403016232	0.00553436978226462
TALDO1	4.36983639688034e-19	1.34523110783152e-07	0.999999852540736	1.29361545465817e-08
P4HA2	0.90389433040218	1.20959843636419e-08	0.0899113114719041	0.0061942244352361
NHEJ1	0.90813916593044	1.14916325674647e-08	0.0854185142109921	0.00644218620121272
TTN	0.900710690352573	1.17602548323415e-08	0.0874099252985208	0.0118792514222292
PLCB1	0.911501885134291	1.11932183088624e-08	0.0832013478853823	0.00529663316902078
EIF5A2	0.914855636897857	1.0692259690304e-08	0.0794770183403703	0.00566721100026786
DGCR14	0.910272239898061	1.08247221922866e-08	0.0804580979978589	0.00926952882668675
RRM1	0.924542146994006	9.42508850318405e-09	0.0700575582304785	0.00540016097812283
TYMP	0.914313429635087	1.07337242231154e-08	0.0797850176132449	0.00590141902163874
AQP4	0.907744011050386	1.12872938151755e-08	0.0838976121522783	0.00835824339747645
MFN1	0.883786551614222	1.49717116433657e-08	0.111289777787676	0.00492353673665742
TENM4	0.912538142154807	1.08698574128459e-08	0.0807962221716357	0.00666550204621197
ADH5	0.920915319443541	9.90580711009961e-09	0.0736310063351703	0.00545354043106956
INPP5E	0.917362618746315	1.03715707106992e-08	0.0770932468396069	0.00554400063601652
GPR101	0.897355534107065	1.30392437227873e-08	0.0969236598950668	0.00572067224354795
ZNF18	0.917511389728954	9.79946701394554e-09	0.0728363109699287	0.00965216607514547
FOXL2	0.908315115837438	1.15535486457408e-08	0.0858794144969465	0.0058053359226742
RBM24	0.893137141951739	1.02330558824138e-08	0.0760382934594645	0.0308244342081357
PRPS1	0.90921883414948	1.15275629356915e-08	0.0856869566725559	0.00509407533943632
BLVRA	0.919681313484588	1.00768860041214e-08	0.074902787439782	0.00541576528033441
KRT7	0.826925823186571	2.26306164349244e-08	0.168223589748452	0.00485045319371168
ATF6B	0.911714186718542	1.11603139247367e-08	0.0829567153583609	0.00532896411613551
WFDC2	0.735327352919264	1.84602676297104e-08	0.137099888129603	0.127572641572327
CA8	0.835436823733955	2.1483144936435e-08	0.159693651136222	0.00486939126110061
MVK	0.911188307399311	1.12253643381359e-08	0.0834402360353065	0.00537132276411461
PTK2B	0.918902091437105	1.02129862738638e-08	0.0759147440996503	0.00518303063667197
DNAI1	0.910588133439162	1.036695955497e-08	0.0770521534692132	0.0123595802294985
RNF146	0.914643946329594	1.07187579236015e-08	0.0796739826256192	0.00568193728526184
KMT2C	0.903484331129452	1.2302337464717e-08	0.0914463965551316	0.00506913847353774
CARD9	0.918936586655419	1.01791268420063e-08	0.0756628269759476	0.00540045257127986
ACAD8	0.898143606182904	1.29977134465483e-08	0.0966154175292741	0.00524084246901896
PLSCR3	0.913580120017037	9.46256917789892e-09	0.0703254829378464	0.0160942646848884
FBXL4	0.923744018243524	9.53123921056351e-09	0.0708466380682989	0.00540920989200057
EHD4	0.916601154292222	1.04811090625786e-08	0.0779075712034367	0.00549114071917594
DLX3	0.902579912706077	1.23097047188253e-08	0.0915003117569527	0.00591964180938964
FAH	0.921744812499476	9.49030183312416e-09	0.0705400174576176	0.00771503655660663
RUFY1	0.918318075005318	1.01873608101726e-08	0.0757234776827679	0.00595831358953113
PDLIM1	0.916929689777383	1.04033784144613e-08	0.0773294980024991	0.00574067846848756
HNRNPC	0.903268127325052	1.1378682930421e-08	0.084573167967486	0.012158571818323
DTX1	0.916843130758271	1.03548640244e-08	0.0769684105921381	0.00618832495811856
RECQL	0.910912524508713	1.12842893978076e-08	0.0838784276469152	0.00520891402127885
PQBP1	0.91340635249455	1.08889899409919e-08	0.0809394584391817	0.00565405530299555
TCTN2	0.914744390005985	1.05817153853848e-08	0.0786543349873451	0.00660114137067577
INA	0.911170842020067	1.09945306790215e-08	0.0817225606091004	0.0071064638027478
DNAJB2	0.917011457065806	1.0466007343722e-08	0.077795608411955	0.00519280069698039
RHPN2	0.901581245193333	9.99652001422231e-09	0.0742866573255083	0.0241319662011059
SOCS3	0.907300882319122	1.15351528891442e-08	0.0857415144559237	0.00695746963684733
PYGL	0.913673683710117	1.08857065027537e-08	0.0809152936229638	0.00541088887096854
DNER	0.887584705128963	1.44057481683508e-08	0.107082185000663	0.00533297606395182
POLR3F	0.911706717821929	1.09962783157154e-08	0.0817361013729219	0.00655704716322921
GALK1	0.917955685646425	1.00507565700373e-08	0.0747066281709963	0.00733755264554892
CAPZA1	0.880734122230344	1.28368979321114e-08	0.0954013451751685	0.0238644012784785
EIF3G	0.9049269712151	1.18300533486987e-08	0.0879335240250763	0.00713937119616072
MAGEB10	0.870214250938544	1.62554467043486e-08	0.120828601773577	0.00895701396848776
GALE	0.880688994225083	1.53157903747861e-08	0.113847003766265	0.00546386821982002
PCBP1	0.913041638528824	1.09478546568815e-08	0.0813771120061475	0.00558111569195408
ELL	0.914432677110438	1.03007604348152e-08	0.0765634071292391	0.00900378244721569
RBFOX2	0.910546292305447	1.1155476294324e-08	0.0829195489694789	0.00653402508005934
RELB	0.913421872730392	1.00918803090727e-08	0.0750080959591463	0.0115698983422114
GPR135	0.915119275654274	1.0530657450831e-08	0.0782747826970398	0.00660580801331886
RBM19	0.797992124738882	2.62246653010611e-08	0.194938329052048	0.00706941263600664
VPS4A	0.917498892584567	1.03868462255156e-08	0.0772070499892211	0.00529392361454149
ALDH3A1	0.893091401349377	1.3675042149237e-08	0.101650435578261	0.00525802925586826
HAVCR2	0.894505855027345	1.34736533836814e-08	0.100153296106532	0.00534071506074242
ZNF174	0.919138236332732	1.01840894393313e-08	0.0756999560449099	0.00516167379291565
DYNLL2	0.919443791507066	1.00990055126661e-08	0.0750671433086038	0.00548893139886777
ELL2	0.885641319675708	1.42186324150185e-08	0.105687891338492	0.00867065562792458
APOL1	0.919735450640112	1.0066533173186e-08	0.074825805108991	0.00543861045867254
CD38	0.919076770155009	1.00730513389209e-08	0.0748736481373783	0.00604944799747705
CD59	0.884439100092461	1.48515878739358e-08	0.110396577174809	0.00516418890362486
FABP1	0.918547175926906	9.98715527648757e-09	0.0742339562264695	0.0072187342936282
HMBS	0.652817781521613	4.59218598008141e-08	0.341361940104601	0.00582014463283565
C10orf54	0.918489907453132	1.02661562213124e-08	0.0763099747680932	0.00519998395447993
LRIT3	0.857621188480721	1.84922083223989e-08	0.13745997850799	0.00491869914919393
MYSM1	0.915067831035277	1.06845201982164e-08	0.0794196403586408	0.00551239482377248
MLYCD	0.914139305591682	1.05570706017434e-08	0.0784703448265151	0.00739021605185171
ATP5J2	0.90674013095001	1.08996648185758e-08	0.0810122184495427	0.0122475177232616
FOXO3	0.914169213342989	1.0814466209143e-08	0.0803856830053337	0.00544496986030756
TMEM230	0.906800909293788	1.18272796073818e-08	0.0879147601334523	0.00528419675978205
LIMA1	0.903803356952674	1.19957550562489e-08	0.0891654034123182	0.00703110605679502
PHF3	0.911102433872488	1.10991411663744e-08	0.0825009099561411	0.00639652250787865
CYGB	0.919642539632682	1.0030307315892e-08	0.0745561516267676	0.00580117499704877
MUSK	0.766685436632812	3.0536523967987e-08	0.226991992482168	0.00632243721156939
CDC25A	0.910052255721765	1.14129499173125e-08	0.0848349432017639	0.005112667240442
ISL1	0.91334614765475	1.08734037677445e-08	0.0808234197921142	0.00583029881354974
HMG20B	0.898514551641354	1.26335817282936e-08	0.0939062457895003	0.00757906906457347
SMURF1	0.912820321554174	1.09507736538013e-08	0.0813986110358491	0.00578093366375585
NFATC4	0.912331420401145	9.8194235872619e-09	0.072979624810997	0.0146888222387552
POLE2	0.91445433694663	1.08000279953575e-08	0.0802785321215516	0.00526699711653129
SYTL4	0.914854178256709	1.04881117762694e-08	0.0779579304199006	0.00718775776623084
ZNF23	0.923159271666538	9.66808349161972e-09	0.0718643256660864	0.0049762688130164
ZNF10	0.91399221416616	1.08005703342122e-08	0.0802821051375407	0.00572554694263522
BCAP29	0.912833169429805	1.08062456952232e-08	0.0803231759006621	0.00684352106611193
KLRC3	0.902655529549191	1.16922166649373e-08	0.0869055928049555	0.0104387445255898
DNM2	0.917082275750122	1.04504038736734e-08	0.0776795722122366	0.0052380182184596
DNAJA2	0.913182035586193	1.09028087563861e-08	0.0810420611808651	0.00577576948602744
RBM23	0.912322277240383	1.10609500855905e-08	0.0822179471043835	0.00545964186583477
PRC1	0.905078367267952	1.09465579241654e-08	0.0813594916357555	0.0135620083957586
DHX8	0.91940578249533	9.99145267664585e-09	0.0742667931067714	0.00632729072510299
DNAJB6	0.904842234198996	1.2102959398525e-08	0.0899641623051721	0.00519346967066251
BRD1	0.906237320963756	1.17572472839856e-08	0.0873930779730886	0.00636946739602623
MAP1LC3B	0.918808434936055	1.02133813154469e-08	0.0759175898960528	0.00527384135352354
ERH	0.913829577470632	1.08808251397157e-08	0.080879126928405	0.00529116178892169
DAPP1	0.917663016481799	1.03594516390088e-08	0.0770033682295928	0.00533348148225478
HSF1	0.91831572707862	1.00590529660478e-08	0.074768722942828	0.00691541638479331
ITGAL	0.917694356555048	1.0338657955848e-08	0.076848671580919	0.00545683807425698
MYB	0.915323465830674	1.04360282294374e-08	0.0775708409353862	0.00710555966573343
UBE2V1	0.914659629580635	1.07390753892856e-08	0.0798251827595218	0.00551505387789059
AHSA1	0.915989219829782	1.02157172786955e-08	0.0759321500108757	0.0080784967218884
RGS10	0.919511423542787	1.01377470149401e-08	0.0753554906698728	0.0051329519540366
TAGLN2	0.912697230205113	1.09704141480178e-08	0.0815446348391323	0.00575800120645241
B3GALT2	0.665343203004256	4.39540347032934e-08	0.32673168107143	0.00792498246622964
DTX3L	0.904294241272721	1.11506256621728e-08	0.0828771965867204	0.01282842934144
P4HA1	0.915096178140538	1.02575764165983e-08	0.0762427343967759	0.00866095410350684
CHST9	0.917375164914401	1.01507143599116e-08	0.0754498436732501	0.00717485785345616
FZD10	0.903583649346403	1.08021447722874e-08	0.0802834017144265	0.0161328165841246
SLC6A9	0.917865106240858	1.03295700170886e-08	0.0767812181773545	0.00535354177812993
NRSN1	0.913657713622496	1.08707286519658e-08	0.0808038258474096	0.00553832675126982
SOCS7	0.914067115495697	1.08363947130269e-08	0.0805487531477561	0.00538399755698265
CLINT1	0.908213378298447	1.12640114981933e-08	0.0837248357788993	0.0080616524829356
NLRP1	0.917219166815324	1.04017035804589e-08	0.0773173251504203	0.00546337424535847
ARFGAP2	0.913130402335832	1.09589268815656e-08	0.0814595904667824	0.0054098734012993
TNS2	0.914615255866235	1.05081680129421e-08	0.0781069318602571	0.00727767872843264
SLCO5A1	0.902295129789618	1.23289540791167e-08	0.0916432632374287	0.00606147326443422
BRPF1	0.918519440324668	1.01235076924108e-08	0.0752485413718191	0.00623188461789492
KIF16B	0.904076181537171	1.08613529454958e-08	0.0807244690884085	0.0151992168939095
ZDHHC14	0.904623417457835	1.19592407745561e-08	0.0888945176188197	0.00648193127132997
GJD2	0.918478341891796	9.88158597362665e-09	0.0734483348511156	0.00807318981892081
AGFG1	0.912290162331278	1.10206542747661e-08	0.0819180695196552	0.00579163440428403
TXNIP	0.909199261582967	1.0371626534119e-08	0.0770854906978527	0.0137151150392222
ANAPC7	0.91643975126844	1.03552891585094e-08	0.0769711702771834	0.00658894481674185
SHC4	0.81956384593839	2.32496554055071e-08	0.172822555582394	0.00761346497926567
CRABP2	0.916673244739686	9.7911131884722e-09	0.0727733102771183	0.0105533118783268
PTP4A2	0.910006485712799	1.14320754358305e-08	0.0849772124145517	0.00501616802365149
LCN1	0.909120100118462	1.0086735783752e-08	0.0749655089167979	0.015914258580322
LRIT2	0.916746022501951	1.0437181754057e-08	0.0775808484162844	0.00567299532103815
JAK2	0.91116853176438	1.12076036367756e-08	0.0833080569616814	0.00552327749309233
RORC	0.842559139036022	1.99356007892414e-08	0.148185339084805	0.00925538859987911
TNFRSF18	0.919712812149568	1.01071047328915e-08	0.0751276797624192	0.00515937425826196
PIEZO1	0.922004904080117	9.78283253055063e-09	0.0727170300130269	0.00527793209303751
PCDHGB1	0.91235413627213	1.08749841713489e-08	0.0808341867398262	0.00681154338032467
AAGAB	0.910768114440711	1.1220210516714e-08	0.0834014652853154	0.00583028653438615
INTS3	0.911828139076882	1.11590934119423e-08	0.0829477474585735	0.00522397964347527
IGDCC3	0.913315254648445	1.09451605036323e-08	0.0813573384137475	0.00532727313062018
ARHGAP1	0.915140174031122	1.06353873153146e-08	0.0790541097380082	0.00580558248796038
CRABP1	0.915284473319671	9.98948121688055e-09	0.07424799782866	0.0104673957352555
PTPRH	0.913138864917593	1.0273111305072e-08	0.0763563718904859	0.0105046300805113
EMC1	0.91892568753749	1.02057477993424e-08	0.075860905456361	0.00521327318364037
TJP1	0.904149127435965	1.0243844335642e-08	0.0761295945036532	0.0197211461875658
CD7	0.916797683843235	1.05205612176162e-08	0.0782013356344776	0.00500084667123124
CBL	0.912033936328756	1.10887674228767e-08	0.0824246502563992	0.00554127963641686
TPK1	0.916613451420273	1.04481871300815e-08	0.0776626078924194	0.0057238069334089
BPGM	0.828143711503441	2.07752405756435e-08	0.154418758669061	0.0174373976477715
SMAD4	0.918311855005896	1.02811137941979e-08	0.0764210974368286	0.00526691374197575
DES	0.912126618097299	1.05355592652611e-08	0.0783082619688117	0.00956498669620152
BUB1	0.911761719370144	1.11679404205337e-08	0.0830135125094195	0.00522463429945389
HSPA1L	0.901263978132274	1.18187984551988e-08	0.0878461084986847	0.010889780309391
TARDBP	0.909689468635938	1.14274850300707e-08	0.0849427373799301	0.00536766018237208
RPS6KA1	0.913715929063521	1.0934959372632e-08	0.0812818317825874	0.0050021053030058
EEF2K	0.892784182925221	1.14092602605043e-08	0.0847902027103934	0.0224254828550023
RPIA	0.923117376601172	9.64738786682302e-09	0.0717102853717291	0.00517220419907104
EGFLAM	0.919068101430323	9.97863828733686e-09	0.0741711018463937	0.0067606631087264
AARS	0.917762588515951	1.03847649319374e-08	0.0771918268210542	0.00504545081793302
ACAP2	0.911583454296899	1.04946931734879e-08	0.0780036293020345	0.0104127832773126
CCM2	0.910493158240822	1.07923813374372e-08	0.0802176673778331	0.0092890411065735
SARS2	0.911061619773961	1.10935165083854e-08	0.0824590154195722	0.00647923115408929
ETS2	0.922562025583727	9.67041587460957e-09	0.0718810833333371	0.00555675730658781
ARRDC3	0.918676260687369	1.01967558353366e-08	0.0757937456140129	0.00552985991865547
SRI	0.904262791977741	1.21195209292098e-08	0.0900868184038033	0.00565025585467362
SNAP29	0.918194317248747	1.01636479177773e-08	0.0755469036328889	0.00625864543634261
IGBP1	0.918057489638696	1.0294925081498e-08	0.0765236140826172	0.00541876248379377
RRAS2	0.91208565105309	1.02084259750563e-08	0.0758739871639692	0.0120402288778981
TRIB2	0.921018095569501	9.91724589997378e-09	0.073716226472933	0.00526554414208374
CRYGD	0.909496165590699	1.05334863570059e-08	0.0782902041508566	0.0122134973766862
TMEM57	0.910345006983405	1.00361608075295e-08	0.0745904012432873	0.0150644592746878
KAT2B	0.914416936519937	1.04161958193319e-08	0.0774223584139986	0.00816057163963886
APOF	0.908791227660448	1.10909625062728e-08	0.0824377381516376	0.00877090084351139
TRA2B	0.909327552591884	1.14751377519623e-08	0.0852969641012438	0.00537534950614502
PAFAH1B3	0.884246504372033	1.4796450624688e-08	0.109986102218119	0.00576725966178953
CDKN2D	0.916025901897884	1.05952818107479e-08	0.0787565670041552	0.00521739727600711
TAPBP	0.908125738194723	1.12697391585902e-08	0.0837673681845978	0.00810676018702289
CBR1	0.920414135847111	9.61342160419097e-09	0.0714548328319911	0.00813089789048543
DDX58	0.916751204020171	1.02776245737448e-08	0.0763935715608828	0.0068550908170801
COPS7B	0.925481073203465	9.0932987031502e-09	0.0675896147122807	0.00692917849234428
CAPN3	0.909201185998005	1.14651798861888e-08	0.0852227400640026	0.00557594016422366
RNPEP	0.916488123141095	1.04569790862397e-08	0.0777279043246744	0.00578383878839979
PDLIM4	0.890526974616824	1.39677810713532e-08	0.103826170209816	0.00564672140910154
ORC6L	0.913742001980062	1.02403519449877e-08	0.0761132097296231	0.0101446551305274
PDZD7	0.906285619722048	1.11725432397489e-08	0.083042280997469	0.0106719661915616
ARL1	0.910751472005101	1.13119957313802e-08	0.0840844322242674	0.00516396194149668
C16orf54	0.901961417928148	1.24824404309373e-08	0.0927850375495497	0.00525341070518777
DARS2	0.904003572599106	1.20268867451887e-08	0.0893972580551018	0.00659903570951494
HIBCH	0.913867353465077	1.0866750232617e-08	0.0807744318532949	0.00535808087857999
PAX4	0.908372311868721	1.16562514263832e-08	0.0866436941242652	0.00498386015367439
CCDC50	0.501757651706975	6.63649895932767e-08	0.493330243763137	0.00491197066688882
UBE2T	0.916618932810955	1.02560020208923e-08	0.0762325434291131	0.00714839019748236
STAMBPL1	0.901834062520071	1.22393546658209e-08	0.0909760828922712	0.00718972103076189
DIRAS3	0.912010851900372	1.11260410390711e-08	0.0827019841130873	0.00528703017394496
RAB7B	0.914538392943582	1.07019526513896e-08	0.0795488271388377	0.00591264618905884
MAX	0.920138317641995	9.88251793283743e-09	0.0734569312968796	0.00640461739872014
EDF1	0.915029265803614	1.05252697069868e-08	0.0782346018189546	0.00673599875956019
TPRKB	0.916562985725272	1.05122479882543e-08	0.0781392410726775	0.00529763939088031
GPD1L	0.915495701526331	1.01025640708496e-08	0.0750896708780539	0.00941449433770212
A1CF	0.909806997990322	1.11783489727051e-08	0.0830890069809197	0.00710386146032438
THYN1	0.914010061179927	1.07501905664833e-08	0.0799072417630246	0.00608256335136261
ARF6	0.918177066491355	1.02832637221158e-08	0.0764369603569278	0.00538583935239863
MOB1A	0.920683103062441	9.87357422025212e-09	0.0733909255058963	0.00592583770491529
CDC25B	0.914332812749013	1.07764264238358e-08	0.0801027886579945	0.00556426481765353
PAIP1	0.912972045499317	1.08855886649565e-08	0.0809137144386668	0.0061141063605703
PELO	0.725678770142812	3.63586674857575e-08	0.270274137311306	0.00404695856663403
ARL11	0.9131915025937	1.09405428933086e-08	0.0813228544055647	0.00548550921481306
IST1	0.920683448199639	9.90203243212127e-09	0.0736026864492825	0.00571373159582549
GSTO1	0.874805527817855	1.58562660562488e-08	0.11786285175516	0.00733148688914044
ULK3	0.911176429653238	1.10857655766378e-08	0.0824014548323554	0.00642198185433507
MPG	0.909650434725911	1.14591611536642e-08	0.0851784037301173	0.00517102771578629
RHOD	0.873043152620724	1.63908500665351e-08	0.121838984405743	0.00511772913818441
NR5A2	0.908252665609199	1.15927298165512e-08	0.0861709032663197	0.00557629735075869
PPIH	0.922404290098242	9.72885460833044e-09	0.0723157743071237	0.0052798017810675
PMVK	0.918800671337907	9.99708960908764e-09	0.074308132406941	0.00689106265811956
BACH1	0.911812701454972	1.04635236271536e-08	0.0777719228510849	0.0104152425705194
SUV420H2	0.847228437951513	1.50343399806933e-08	0.111719207230052	0.0410522258122734
NXF1	0.91461047534077	1.07935541917727e-08	0.0802305161514644	0.00515887467794776
MYNN	0.916968231908771	1.04142868640442e-08	0.0774107075231365	0.00562092680036802
ADI1	0.901069247192159	1.13850973492746e-08	0.0846186972626382	0.0143119229454504
CHP1	0.825025262934322	2.24008345094903e-08	0.16651185540493	0.0084627482749316
PSMA7	0.903488727574915	1.22793891632968e-08	0.0912756401909671	0.0052354984145959
SETMAR	0.884715148005575	1.46898296353665e-08	0.109193193147099	0.0060915251428437
KLHL13	0.912361731991461	9.95435724762742e-09	0.0739837109498225	0.0136544243706036
HNRNPA1	0.916333511455462	1.05324544576391e-08	0.0782893698682905	0.00537698487574148
MAPRE1	0.91765909163562	1.03951275754141e-08	0.0772688327588738	0.00507194176400438
STAU1	0.878262548896435	1.41960458350586e-08	0.105512436023621	0.0162248827372701
KCTD5	0.908809582045471	1.09546507207785e-08	0.0814234459510454	0.00976683879292197
CLIC5	0.918016237026479	1.02999370928228e-08	0.0765608677009697	0.00542276147819646
TIGAR	0.909472812031173	1.06865964898595e-08	0.0794294896464234	0.0110975652906766
RPL30	0.876764808967266	1.58767563137732e-08	0.118017283195329	0.00521777401550127
PRKAR1B	0.923884021489569	9.53016011257384e-09	0.0708387485281653	0.00527709616833511
OTUD5	0.905620593490729	1.11445593128459e-08	0.0828333839127064	0.0115458896250883
BPTF	0.90312021649522	1.06885900999809e-08	0.0794379653571914	0.017441685968439
RORB	0.88025323616491	1.54301061930564e-08	0.114697203800891	0.00504942618967157
PITPNB	0.905765560738237	1.09400228932286e-08	0.0813115516531284	0.0129227548221925
GLRX2	0.902578795422552	1.2399048745175e-08	0.09216512909327	0.00525594166740421
MCTS1	0.915981013393803	1.05861416706409e-08	0.0786885093107083	0.00533034348871376
LAMTOR3	0.910195316789775	1.1317047651754e-08	0.0841214673920307	0.00568308205882238
OTUB2	0.902636949344499	1.23867811777076e-08	0.0920739030239659	0.00528901381920605
GABARAPL2	0.917121879433463	1.0437960327824e-08	0.0775870181001628	0.00529096865430817
NUDT16L1	0.879150841104249	1.54326101928856e-08	0.114714732832697	0.00613429236432098
TAX1BP3	0.915498527407615	1.00837753056882e-08	0.074949864495885	0.00955147485699675
SH3GL2	0.91140573624638	1.11160878383878e-08	0.0826273155609283	0.00596681447145154
UBA2	0.906950133117444	1.13966958325805e-08	0.0847108895907747	0.0083388438893142
GPR68	0.923881412389838	9.48902324708343e-09	0.0705326421010701	0.00558581173664818
LMOD1	0.914681265344985	1.02752667680519e-08	0.0763739548656087	0.00894464646835156
ITPKC	0.916703075600682	9.96952291822157e-09	0.0741009060164475	0.00919588509558066
VPS24	0.918988577644742	1.01758431024971e-08	0.075638444362128	0.00537284419206532
COMMD1	0.91895848649463	1.0026455855959e-08	0.0745268077635543	0.00651457209418673
GLTP	0.896697450037817	1.29304075449737e-08	0.0961131395138686	0.00718927689135826
METTL1	0.912623859721187	1.04682633997117e-08	0.0778080039759179	0.00956800306561249
UCK2	0.90351960076343	1.11004227022481e-08	0.0825028555770736	0.0139774110147879
TEAD4	0.902457503563428	1.18671639390655e-08	0.0882071959567628	0.00933516721123622
PDCD5	0.920675987665315	9.97144306809031e-09	0.0741191709464546	0.00520470756457122
PBRM1	0.901578168699873	1.24963719344348e-08	0.0928883197240278	0.00553337779660997
RAD23B	0.91808216679599	1.03063960996589e-08	0.0766089958573518	0.00530870353697587
SAT2	0.925340180076582	9.36517174182853e-09	0.0696125100336209	0.00504717604496846
THRA	0.909340836620844	1.01560089557183e-08	0.0754811989551178	0.0151778319406539
WRNIP1	0.915939398394452	1.04772006056455e-08	0.0778778255390132	0.00618264237429912
FKBP6	0.916378708322216	1.0531500039219e-08	0.0782823131808738	0.00533884469127761
CKS1B	0.922775709336558	9.64943720840408e-09	0.0717251927322753	0.00549896414705259
ERVV	0.910731584790466	1.08753951833483e-08	0.0808356209481923	0.00843266087148274
CDC34	0.921466131105708	9.79784225789324e-09	0.0728281796869978	0.00570555545094257
CALCOCO2	0.904640155608546	1.04161313256622e-08	0.0774120919409103	0.0179476203393858
XRCC1	0.904713764726184	1.15930331145216e-08	0.0861696176951502	0.00911648428070491
MTMR6	0.911057120376183	1.11605802682883e-08	0.0829580395250569	0.00598470637992415
PURA	0.916062635306652	1.05765632766688e-08	0.0786173171604542	0.00531991372471708
RGS7	0.912716909530241	1.08093256731153e-08	0.0803459779692458	0.0069369789096515
RHOG	0.912348940311947	1.11047547548722e-08	0.0825439290228442	0.00510699682841867
ZNF560	0.889440005025434	1.38025209919969e-08	0.102595364228245	0.00796449729354553
SMTN	0.897660825769246	1.14128455262083e-08	0.0848217625809383	0.0175172794808251
RRAGC	0.912503111359415	1.10491341012753e-08	0.0821302041166254	0.00536655072205053
HPGDS	0.903241757168373	1.16824575946911e-08	0.0868335613341094	0.00992454830815186
ITCH	0.890006358694247	1.15163911138072e-08	0.0855845942414259	0.024408915821494
VRK1	0.91823069799828	1.02194543855704e-08	0.0759622019449789	0.00580696631401906
UBE2C	0.900131744800378	1.26911933543787e-08	0.0943365588725057	0.00553156254738309
NOVA1	0.924077332265093	9.4581974387074e-09	0.0703034600803805	0.00561907388655432
UBASH3B	0.90352148545376	1.15897320155902e-08	0.0861438603920692	0.0103345210198999
NT5C	0.918858517551059	1.01957286763067e-08	0.075786284853152	0.00535506379233607
PKN1	0.906027891960335	1.19388392245133e-08	0.0887441133837354	0.00522786083538195
TNFAIP8	0.916792938240601	1.02640667007055e-08	0.0762927277536905	0.00691420041178589
NIP7	0.887637886349126	1.39391499885114e-08	0.103610231279881	0.00875174902401578
KEAP1	0.895110569665784	1.33179511523197e-08	0.0989953044718623	0.00589399213132649
CCT5	0.908677229229263	1.154308700689e-08	0.0858019307993829	0.00552070619016059
ARL3	0.919358887243801	1.01267669486631e-08	0.0752736341334646	0.00536734482093075
EFS	0.911499097964635	1.09083659575258e-08	0.0810817282863747	0.00741904022291243
TRIM3	0.889799254263633	1.23876262062944e-08	0.0920673404246948	0.018133273225465
EDN2	0.916634047726594	1.03984547863308e-08	0.0772925648210073	0.00607325374546266
MTHFD1	0.913735188017071	1.08477519608115e-08	0.0806329313833086	0.00563174683335052
MAGEA3	0.91276811757982	1.09832801416544e-08	0.0816404430320436	0.00559130561643171
FEN1	0.919183512726012	1.0168345607937e-08	0.0755828498335453	0.00523350362065214
ARF3	0.906993466519787	1.0835707852671e-08	0.080536561415736	0.0124698392171691
PSMB5	0.916693065261267	9.75222137039933e-09	0.0724839319400245	0.0108228697300663
IMPA2	0.914679900260824	9.52294959279553e-09	0.0707758809435826	0.0145440862270411
ARAF	0.909390380065883	1.12841933589856e-08	0.0838761893434537	0.00673329697242918
ERCC1	0.918177736310514	1.02852441275436e-08	0.0764516974359949	0.00537043245210378
OPHN1	0.88940059597085	1.35427174631391e-08	0.100662098937532	0.00993717190394817
PDRG1	0.913423428455433	1.08758036911094e-08	0.0808413552366945	0.00573508255548998
GCA	0.911886509572673	1.06256931016334e-08	0.0789787171354674	0.00913463999633823
TMOD1	0.456400500175622	7.25003705563198e-08	0.538938867080401	0.00466049884718355
ATG5	0.9089168056387	1.14590885663718e-08	0.0851771292367624	0.00590593139511564
FERMT3	0.906370043901744	1.17148216382315e-08	0.0870775170617502	0.00655230539394913
PABPC4	0.915525356927227	1.06305831827731e-08	0.0790187472425185	0.00545576204033463
SCMH1	0.910884068556881	1.12529043324779e-08	0.083644859534967	0.00547093812027239
EXOSC3	0.909718788204834	1.10236029832429e-08	0.0819374372263508	0.00834364116699287
PSMB1	0.911773011536989	1.10861630359931e-08	0.0824050095490665	0.00582184517322199
NRBP1	0.906448945274008	1.18020375455422e-08	0.0877265789354775	0.0058243420501279
STK24	0.915147455300448	1.06929445608245e-08	0.0794824066457079	0.00537000425239904
AKR1C1	0.910937831821865	1.09242945995001e-08	0.0811996931867043	0.00786234152492723
SEPT11	0.905311101980063	1.20271585592166e-08	0.0894005894907469	0.005288174716748
PPP2R1A	0.913333557043552	1.06537713420561e-08	0.0791890988213643	0.00747721061682361
JARID2	0.909820514778466	1.09311331823733e-08	0.0812494613775673	0.00892989052092975
KLHL7	0.881076190510392	1.16861447554642e-08	0.0868388101343379	0.0320848691439988
SENP7	0.913434333640139	1.0691908740978e-08	0.0794729841627294	0.00709254862717758
LANCL2	0.902696744198709	1.23106774788759e-08	0.0915076671169758	0.00579545494004649
ARFIP2	0.921082788436099	9.80244672310882e-09	0.072862058278631	0.00605501957588295
NAT1	0.913780941801372	1.08274674004426e-08	0.080482037599917	0.00573688684657077
PTPN9	0.892306760326187	1.37767762262404e-08	0.102406664298359	0.00528644156277863
BCAR3	0.923239266112563	9.6137734004517e-09	0.0714602785441927	0.00530032153243366
TRDMT1	0.902537474689484	1.23772140661677e-08	0.0920026135496268	0.00545977797150873
SMYD2	0.921891384418214	9.71282226700204e-09	0.0721959625215961	0.00591251933165273
CRAT	0.914138248690047	1.06259999602085e-08	0.078983254496354	0.0068783632148602
INPP5B	0.914172082710627	1.08229582228327e-08	0.0804488758595947	0.00537890762953011
ARRB1	0.915517176766293	1.06429567829046e-08	0.0791108123360077	0.00537187709650583
ADSS	0.907421474318557	1.15338631601057e-08	0.0857320381569499	0.0068463539214531
RPE	0.913591676785708	1.09569886641467e-08	0.0814456297199386	0.00496255963815203
SETD2	0.867014589143827	1.66345575735332e-08	0.123646403429059	0.00933887415904005
GNAI3	0.910034741013945	1.12457342407381e-08	0.0835906559377102	0.00637446938188693
PDK2	0.91783290530536	1.0341093230837e-08	0.0768669314100021	0.00530002947378928
AHCYL1	0.909700010613344	1.14346206794854e-08	0.0849958450628588	0.00530401051348257
CSNK1G2	0.903272257623764	1.08729926323263e-08	0.0808102765141384	0.0159173334780933
NAPB	0.917788991742778	1.03429970494054e-08	0.0768810539700419	0.00532982048033492
KLC1	0.901907584316069	1.21269696158088e-08	0.0901398873118218	0.00795239491770746
TSTA3	0.912822901584253	1.08543517950378e-08	0.0806811282558323	0.00649583650976845
PANK3	0.919301864675669	1.01295850960184e-08	0.0752945471896585	0.00540345433772186
OLA1	0.911817046661054	1.11450913394219e-08	0.082843545436015	0.00533927409735575
GABARAPL1	0.921506746236691	9.84849202932442e-09	0.0732051107086101	0.00528800924223443
TST	0.891797213120338	1.37674197358868e-08	0.102336531595702	0.00586612154918737
PTPN13	0.920128092498934	9.36230943995341e-09	0.0695859940336827	0.0102857803265624
ILF2	0.907539501665637	1.14428677424298e-08	0.0850550496682771	0.00740531513816295
GDA	0.928789004855134	8.85991455869807e-09	0.0658562895781264	0.0053545717632197
VPS4B	0.915957405456339	9.99693797521615e-09	0.074304157970711	0.00973830335855442
HECW1	0.914999709608695	1.0668625838616e-08	0.0793013005394505	0.00569885609460411
RAD1	0.916765361934225	1.04457387641889e-08	0.0776445414025754	0.00558996289131414
SULT1B1	0.922680348786241	9.5440459345684e-09	0.0709408695368646	0.00637864801099877
DARS	0.918384424645862	1.02540572567048e-08	0.0762198394901471	0.00539560206598476
PACSIN1	0.912098898822115	1.09643357525994e-08	0.0814988059183932	0.00640216159675702
SNRPA	0.913115362691377	1.10262650882407e-08	0.0819606462092495	0.00492385723797082
USP21	0.924312654035947	9.45573502146984e-09	0.0702853725277394	0.00540183963914608
CCBL2	0.919436026837332	9.8284645153089e-09	0.0730540110425629	0.00750982860622752
DPYSL5	0.913877802272366	1.01198438298636e-08	0.0752166318938225	0.0109054327762646
HOMER2	0.912912610724419	1.0852767359894e-08	0.0806694281034353	0.00641782751151583
MPST	0.906514764630639	1.06471803546691e-08	0.0791332289604132	0.0143518738145635
DECR1	0.897654071055211	1.30019841190446e-08	0.0966467060348155	0.00569908915275321
RPS6KA6	0.910834269516811	1.12980342471329e-08	0.0839806262073138	0.00518497044956302
ARPC1B	0.818798300593522	2.20967930675528e-08	0.164243217324223	0.0169583498381522
SEPT10	0.921919749669791	9.6656020418268e-09	0.0718446201698787	0.00623549647519764
DOT1L	0.91102168436215	1.11383267075693e-08	0.0827924129284108	0.00618576901762282
SH3BGRL	0.91542636882994	1.04549118936519e-08	0.0777114593062864	0.00686203826284002
DIMT1	0.918314206276738	1.02126614321954e-08	0.0759117384443432	0.00577392153175505
KLHL12	0.90882286211481	1.15651867121496e-08	0.0859665228482955	0.00521048121401062
PRMT3	0.915553754617488	1.06625923235561e-08	0.0792569591083351	0.0051891524484264
PIP4K2A	0.917978798320209	1.03298176841523e-08	0.0767831749003624	0.00523789296022892
KPNA4	0.900880269088624	1.11649773009616e-08	0.0829805712757107	0.0161390272814528
CCT8	0.869831638082389	1.62366956104895e-08	0.120688689882983	0.00947953878545719
ACLY	0.921269744059127	9.72147940208745e-09	0.0722597589268745	0.00647036336042933
EIF1B	0.91859974255761	1.01473977049189e-08	0.0754263898923702	0.00597373382970795
PELI2	0.91982648629221	1.0030960376695e-08	0.074561195252858	0.00561218468603294
SH2D3C	0.914490867930753	1.07107540189157e-08	0.0796142714832451	0.00589472685507453
HERC1	0.910715153140322	1.09058380432462e-08	0.0810621330762198	0.00822258036536686
CDC42BPA	0.907348279197743	1.15689167290899e-08	0.0859928022440702	0.00665878492993885
DPYSL3	0.91481449204144	1.07654125346948e-08	0.0800213152925646	0.00516405883687415
L3MBTL2	0.91736110849213	1.0406353301994e-08	0.0773520663093945	0.00528669138583334
H1FX	0.917676480455504	1.01283181700765e-08	0.075283492846787	0.0070398931206773
GJA8	0.905467617064912	1.18659020948442e-08	0.0882008195660006	0.00633142969684657
RGS19	0.913828992861842	1.07643128464667e-08	0.0800121459090581	0.00615872753365016
AP1G2	0.908514691528769	1.14091802153585e-08	0.0848053533428806	0.00667982150292946
DCP1B	0.913352184464088	1.07722657139866e-08	0.0800708467610234	0.00657683513562768
ZNF175	0.901015975998744	1.06610841835959e-08	0.0792311845446998	0.0197527075879829
TOX3	0.920929042031701	9.90228351602494e-09	0.073604800631166	0.00546602354859212
PIN4	0.92255253594355	9.70300311313148e-09	0.0721235589609904	0.00532377128780171
UBQLN4	0.918363067899381	1.02496055244445e-08	0.0761866922961931	0.00545010601374574
TAX1BP1	0.918546997518307	9.74050774641947e-09	0.0723986253996038	0.00905424377576342
CIRBP	0.914876764761878	1.07154652693117e-08	0.0796497146844397	0.00547338676613118
PTGFRN	0.913489282371291	1.04831935919301e-08	0.0779199674219385	0.00859061683813912
PSMG3	0.915949874401621	1.06065929051054e-08	0.0788406579632928	0.00520933381204805
NDC80	0.916420050598022	1.02409037264114e-08	0.0761199963239131	0.00745981955746714
PLEKHA7	0.912298317367865	1.09507981260877e-08	0.0813982706099659	0.0063032783461454
MPP7	0.892317766721484	1.38045311286601e-08	0.10261320251285	0.00506889692375587
KIF22	0.921505223015768	9.69138986976048e-09	0.0720360952136906	0.00645854811538416
CSDE1	0.904530018954569	1.12999802170743e-08	0.0839887958157825	0.0114810522494577
PLS1	0.898653875558382	1.28595223122022e-08	0.0955876333003588	0.0057583573920035
NISCH	0.913223173668499	9.96484726294892e-09	0.0740626305797527	0.0127140629372605
FEV	0.912829851934911	1.10019470617525e-08	0.0817794073769346	0.005390606889479
TMEM8B	0.91213216211673	1.11308108995024e-08	0.0827375985863207	0.00513010546326368
BAG5	0.91543872895233	1.0659503981745e-08	0.0792338632858226	0.0053272739546596
CYTH4	0.913441994314491	1.08264787472734e-08	0.0804743416391368	0.00608353034081567
RBM3	0.903849193861248	1.2162301540891e-08	0.0904047394981942	0.00574593288963424
ITGB2	0.907668385043217	1.02243097832352e-08	0.0759877585909863	0.0163437240390941
ZHX1	0.907527393653713	1.15741536086276e-08	0.0860319497185274	0.00644052297017946
BACH2	0.878711905358956	1.47808356277563e-08	0.10986436921615	0.0114235924369819
GRID2	0.919627520422	1.01035080971759e-08	0.0751008314343106	0.00527151432900754
ILF3	0.917537956414626	1.03380856617664e-08	0.0768442565227368	0.00561765329447354
ZNF774	0.909781987117101	1.04673894580089e-08	0.0777986561645417	0.0124192238642471
APBB2	0.918849740325906	9.86623018945529e-09	0.0733344425891684	0.00781568361215162
ZNF334	0.906111997233681	1.17743149697511e-08	0.0875199549989308	0.00636791410005072
ELMO1	0.882766968511693	1.1537403833071e-08	0.0857337054948211	0.0314991957035052
ZNF180	0.894383054743365	1.30524073239594e-08	0.0970186362039151	0.00859817568510399
NUP98	0.904557136427037	1.16167577899038e-08	0.0863459987567337	0.00909673151561284
HCN1	0.919379518894217	1.0140197642703e-08	0.0753735940164299	0.00524675327134406
HMGB3	0.918713553128147	9.71468094378751e-09	0.0722066121215975	0.00907970144735118
PRDM4	0.90547917809622	1.19733584681543e-08	0.0890004255040325	0.005520262618495
TARBP2	0.91261569097355	1.03836065078729e-08	0.0771780548134208	0.0102061210615034
HNRNPM	0.907170232915933	1.1771693843192e-08	0.0875015102110142	0.00532812306597931
APBB3	0.922918471104374	9.63045939369820e-09	0.0715841196882101	0.00549727542307409
ZBTB33	0.906029768078675	1.18745885082434e-08	0.0882660188108519	0.00570407935392486
GPCPD1	0.896322043077327	1.3245799262504e-08	0.0984596272299185	0.00521819587090793
CCDC101	0.910708569879306	1.05675513286978e-08	0.0785448988662705	0.0107463981755047
CCDC51	0.91403262877484	1.05000383419075e-08	0.0780458548983025	0.0079213828682896
PIWIL1	0.91155227006502	1.07428700342823e-08	0.0798503086483461	0.00859728791889819
NLRP4	0.907130481002256	1.13924399729672e-08	0.0846794018126984	0.00818998376257381
ZNF566	0.911372450278344	1.11316587695335e-08	0.0827431472054822	0.00588426878383924
NUDT3	0.920975593106489	9.89262363636373e-09	0.0735329670312364	0.00549130607713186
SLC4A8	0.916214386334651	1.04055546892604e-08	0.0773449758764566	0.00644050413131007
DNAJC27	0.91703237825533	9.5473906612063e-09	0.0709601043805544	0.0120073844546582
TPPP2	0.915437661219405	1.0654476208383e-08	0.0791964500177529	0.00536575496082487
IRF2	0.795662224968964	2.68793856935316e-08	0.199807841277377	0.00452979983929965
ZNF329	0.903276937587128	1.11633746741546e-08	0.0829710450261405	0.0137518847117158
GMEB2	0.920027895885975	1.00858081248831e-08	0.0749695248238996	0.00500244543928496
ARHGAP30	0.908620413771716	1.15992514347555e-08	0.086219799441143	0.00515965295742803
CARHSP1	0.9032624506229	1.22317867559591e-08	0.0909211990837729	0.00581621655184779
ZNF415	0.908489739655243	1.0153164466643e-08	0.0754591808586828	0.0160509471200254
ACYP2	0.919667309212922	1.00278827773602e-08	0.0745381351706445	0.00579442187202486
EHBP1	0.925291493079822	9.33903484004099e-09	0.0694179738165415	0.00529039929149313
RNPC3	0.907008456465981	1.17937585044495e-08	0.0876655337766663	0.0053258759499779
IARS	0.912258974497225	1.11137279346676e-08	0.0826106093574308	0.0051302823116833
GEM	0.905368100003658	1.17661214059493e-08	0.0874582411724705	0.00717352526479999
SLC14A2	0.892236150627804	1.30158186431704e-08	0.0967442268638301	0.0110194894661471
GRAP	0.913367570737794	1.0513440935285e-08	0.0781449193050779	0.00848737657462268
NLRP10	0.89759495106763	1.29921686916301e-08	0.0965736092105659	0.00583130598235189
APBB1	0.914821026528099	1.0753948339079e-08	0.0799360155280093	0.00524282412535465
SLC5A5	0.923676136718036	9.50349211950086e-09	0.0706401010468813	0.00568362847578446
RGS3	0.901587019390184	1.25381109896156e-08	0.093198913356848	0.00521393343054893
SAP18	0.917607256747604	9.94844230163923e-09	0.0739449479804047	0.00844766188414816
ASH2L	0.917580401961886	1.00340771825762e-08	0.0745821394057727	0.0078373251624769
PYDC1	0.912590394961147	1.09854382717214e-08	0.081656324008124	0.00575314728077382
DUSP15	0.907450863167384	1.17342918424678e-08	0.0872234788349724	0.00532552419022128
STX10	0.915844445147539	1.06093480661987e-08	0.0788610538768279	0.00529436716402247
BAG4	0.910131723844788	1.11524047140004e-08	0.082896278028309	0.00697186454072976
SNX17	0.910061882476087	1.13461252333564e-08	0.0843377032184563	0.0056002805349583
FBXL5	0.922129570370572	9.72841288715716e-09	0.0723122124178749	0.00555808343538361
RNGTT	0.914919997417433	1.03821332854759e-08	0.077169399021382	0.00791047010114958
GSKIP	0.910353024225435	1.11869036317052e-08	0.0831532096862754	0.00649363243784593
POLM	0.91379356226549	1.07101052892002e-08	0.0796087462122929	0.00659755788574159
TEAD3	0.913435429416889	1.06843278748915e-08	0.079416575224339	0.00714786179625118
CASS4	0.914417842571588	1.07972250232259e-08	0.0802576383752538	0.00532438524558142
TMEM237	0.906032128156459	1.16703227857599e-08	0.0867460580876567	0.00722168020328383
ECI2	0.911688146361773	1.11657021742818e-08	0.0829967838330303	0.00531493599635144
ARPP21	0.917266673133408	1.04242502815116e-08	0.0774851451180267	0.00524804793073027
TMOD3	0.913485452441174	1.06066206699651e-08	0.0788383976754025	0.00767601639188004
NEDD9	0.893237541473617	1.34671045936185e-08	0.100103296276024	0.00665902862214324
NIPAL4	0.902151546833368	1.22829118802965e-08	0.0913005145854487	0.00654780493802112
DYNLT3	0.916860397021435	1.02921738982267e-08	0.0765019439426087	0.00663752540485087
DDX6	0.908754631592665	1.15478411967006e-08	0.0858373847140409	0.00540784989693459
TWF1	0.920415221724211	9.98790856017903e-09	0.0742414314069402	0.00534321306380247
SPN	0.919041159837699	1.01472221845781e-08	0.0754255256859423	0.00553318069684326
UBTD2	0.910751913726042	1.05441972226264e-08	0.0783711618526925	0.0108767913598693
SPEF1	0.892607425283108	1.37497647341997e-08	0.102205969863378	0.00518647102740465
OSBPL11	0.889369409620965	9.98468846004758e-09	0.0741863934043247	0.0364440673492654
RBL1	0.90192056543573	1.24996446262444e-08	0.0929130149132936	0.00516628582215433
SV2A	0.911168936857895	1.08381838115797e-08	0.0805591649413107	0.00827176478931317
RDH16	0.905877234786247	1.19518682569485e-08	0.0888409129994377	0.00528171840100482
PARP11	0.90441576757811	1.17484024082149e-08	0.08732543892958	0.00825866007906737
NR1D2	0.917557123828396	1.02390785097771e-08	0.0761075529033399	0.00633518959652837
SAP30	0.904523802394055	1.2130963049782e-08	0.090172221718351	0.00530384207725776
MICALL2	0.91685681244056	1.02950800102458e-08	0.0765235650447591	0.00661948888115232
SYTL1	0.909877972943954	1.13901510137299e-08	0.0846651196647813	0.00545677360148043
IFI16	0.913407840932378	1.09373840531483e-08	0.0812995656930406	0.00529245956271505
PAXIP1	0.9210244079911	9.64517278640525e-09	0.0716917076574994	0.00728375080714073
DGKB	0.918635713262782	9.77849363178542e-09	0.0726813712394687	0.00868278214150361
CUBN	0.906988288724665	1.17768351752757e-08	0.0875395852865332	0.00547199220106405
KRT17	0.91155105459333	9.96583808500194e-09	0.0740683295995166	0.0143804832166135
AXIN2	0.883835308467253	1.32228208533656e-08	0.0982761431946317	0.017888416219002
NR3C2	0.907508555052626	1.15332594117383e-08	0.0857276327686962	0.00676367856452581
ENOX1	0.910057470588557	1.12081978945908e-08	0.0833113667241368	0.00663102905532783
HERC5	0.92286370146658	9.65991765733347e-09	0.0718032669537839	0.00533289777320385
RLBP1	0.922761404440415	9.61249657955474e-09	0.0714502992432758	0.00578816257105951
POLR1C	0.905603974669514	1.07787734778278e-08	0.0801115157609172	0.014284376966114
ALDH3B1	0.916919613647459	1.04603066720618e-08	0.0777530971691229	0.00532715537621487
RAB18	0.926273540231207	9.19265652234724e-09	0.0683297401308694	0.0053965858400508
PPARA	0.91135605484635	1.11944858096441e-08	0.083210633517964	0.00543317784273163
KIAA1279	0.915601654742985	1.06412833030865e-08	0.0790984443562657	0.00529976708986536
UQCRB	0.915775047937727	1.05785569923063e-08	0.0786318647364424	0.00559295355434645
GCK	0.919899414735966	1.00771864561658e-08	0.0749052414551759	0.00519520998392302
GPR107	0.914920993114169	1.05355727085716e-08	0.0783111591744883	0.00676771409773321
STAU2	0.861904988492985	1.78916703303808e-08	0.132995599175175	0.00509927849401275
KRT20	0.917857573374157	1.03008785075533e-08	0.0765677140461598	0.00557457880573085
SORBS3	0.897590728645407	1.30691549504483e-08	0.0971464679688659	0.00526266956985641
RBM22	0.909387732821407	1.14312650783278e-08	0.0849705630853652	0.00564157032827713
LIN7C	0.899268790858582	1.28328248382014e-08	0.0953895900721436	0.00534148526399655
EWSR1	0.922966258105734	9.64342021669007e-09	0.0716806103929951	0.00535299769754069
MAP3K3	0.915670280039436	1.06342088660557e-08	0.0790458714077629	0.00528371473976017
CUL9	0.914424376363221	1.07655284531782e-08	0.0800217873481588	0.00555370251186311
NPLOC4	0.911170554944436	1.12175708979218e-08	0.0833822264429978	0.00544708482147919
RPS10	0.899053855764918	1.25663049184511e-08	0.093406171696769	0.00753983902846928
PARK2	0.905258522320862	1.15929717034266e-08	0.0861697060315961	0.00857163827635911
TP53I11	0.856302359728851	1.86440061246655e-08	0.138588202039177	0.00510930439549244
FRS2	0.916164357191417	1.02058645213022e-08	0.0758590099021338	0.00797649945528778
CBX7	0.904689193172965	1.1840161911951e-08	0.0880085049091791	0.00730216837607233
BECN1	0.911169516453625	1.10367686719548e-08	0.0820368567046498	0.00679349323157978
TRAF4	0.883075628478711	1.505584276616e-08	0.111915094834694	0.0050091428366552
KCNA10	0.908883428218181	1.10184990423698e-08	0.0818986220601923	0.00921781643728289
ATAD2	0.918380483144471	1.02551815860405e-08	0.0762282017995258	0.00539118125740307
TSG101	0.907104911155068	1.17788189827966e-08	0.0875544637496344	0.00534049128988544
SLC6A14	0.918157560621884	9.6654060932502e-09	0.0718393961400555	0.0100029100592248
PSD	0.905310112568624	1.17524736229659e-08	0.0873566285142783	0.00733312537947294
SLC6A16	0.906804183237819	1.17706217987524e-08	0.0874931665975495	0.00570251640787236
RFK	0.856909381539978	1.62485161734866e-08	0.120763712762888	0.0223267741744851
GMFG	0.911546193350619	1.08071056443661e-08	0.0803282866096826	0.00812538660854533
EDC4	0.910168140891734	1.1288134625312e-08	0.0839062952671466	0.00592543011431779
PRKG1	0.920023823841752	1.00217418060301e-08	0.0744927964177972	0.00548324595422376
CCS	0.910648516456709	1.13300561947197e-08	0.0842187190047827	0.00513263070516295
ANP32A	0.922224352216938	9.59054535257546e-09	0.0712864202259241	0.00648909390608517
FXR1	0.912061080757477	1.10206378384484e-08	0.0819177179043414	0.00602106762423133
CETN2	0.908892940985969	1.14923899102908e-08	0.0854249042096396	0.00568202104487683
VARS	0.900568301404697	1.09810255227971e-08	0.0816114541421662	0.0178201123248454
GLP1R	0.912575932008756	1.09771705677284e-08	0.0815947886611134	0.00582914559038806
BTC	0.899648816033661	1.25710314228628e-08	0.0934419376774646	0.00690911269426853
HIF1A	0.896856188706385	1.11220159279906e-08	0.0826568629960148	0.0204868165276828
SECTM1	0.922659404840473	9.3562234993577e-09	0.0695432417453944	0.00779721993887779
RSPO3	0.916161487546059	1.05568116375561e-08	0.0784704420527358	0.00536793659948202
BCL2L2	0.905266833595739	1.19905621883587e-08	0.0891282276687923	0.00560480496557859
FIGF	0.899677967996153	1.27227584963411e-08	0.0945709842383989	0.00575091401519232
SOST	0.918911874665585	9.92708713044052e-09	0.0737873477917624	0.00730064400066338
FAM3D	0.885764465332259	1.05527299876485e-08	0.0784096426055157	0.0358257623536866
EFNB1	0.914739943205893	1.05612197570568e-08	0.078501820373856	0.0067581028053503
SNAP25	0.917575846267206	1.03756979596993e-08	0.0771241715817848	0.00529984834013573
NEGR1	0.903257979323316	1.16897676780616e-08	0.086887972684622	0.0098539147932044
BCL6	0.912974891925314	1.10053274143092e-08	0.0818047061270069	0.00522026812611074
FSTL1	0.921648333505432	9.84501459702386e-09	0.0731793764919941	0.00517215617454012
SPP1	0.906836103939839	1.17879526933409e-08	0.0876221595902463	0.00554160269153064
LUM	0.911151663726329	1.00370925226305e-08	0.0745981416993087	0.0142500619662962
SMOC1	0.922480952734365	9.57262845206703e-09	0.0711533555105764	0.00636555808740435
SERPINA10	0.919836380086579	1.00737854911005e-08	0.0748798714126622	0.00528361468770313
FLRT2	0.801013296933013	2.61171188838984e-08	0.194141088857481	0.00484548033757076
FLRT3	0.901159042614802	1.25049307329311e-08	0.0929515871132492	0.00588923654028247
ISLR2	0.914145879213673	1.04129636887532e-08	0.0773980364560403	0.00845595094355794
VTN	0.918876241140015	9.68970003381753e-09	0.0720208893498808	0.00910273621029579
LDLR	0.9064630136357	1.16913771418925e-08	0.0869031571200932	0.00663369561258785
HK2	0.897857307443317	1.30053977871803e-08	0.0966723109443339	0.00547024782437499
HK1	0.91268438319394	9.95148216782057e-09	0.0739626401477323	0.0133528439296852
SEMA5A	0.929077237006353	8.81148776962139e-09	0.0654962291824475	0.00542640001733248
LTBP4	0.909141790918795	1.13420409748039e-08	0.0843063908010939	0.00655168463747021
MDM2	0.906366780596889	1.17112054061405e-08	0.087050605025461	0.00658248073914879
MDM4	0.907359405371807	1.16285175263647e-08	0.0864363092877484	0.0062041516510996
IGHG2	0.915236694821975	1.05166586314783e-08	0.078170733521891	0.00659243801896955
IGHG4	0.909503647480182	1.13902525952782e-08	0.0846655008437313	0.00583071793655612
WNT3A	0.913898932792806	1.08751799425493e-08	0.0808371898373359	0.00526374355413258
SHANK1	0.915649900721288	1.05941880872244e-08	0.0787480521128467	0.00560191339558566
DEFB113	0.911619283272312	1.10695520808119e-08	0.0822812517729826	0.00609933125127282
SYNGR3	0.899888702900662	1.22225259977513e-08	0.0908489116662814	0.00926225215468528
CYB561D1	0.904840761209448	1.15269259880804e-08	0.08567783462128	0.00948127092033501
C5orf63	0.914095394956546	1.03715233650847e-08	0.0770896240411024	0.00881484766385318
B4GALT1	0.892144276668043	1.19967626124045e-08	0.0891612299928173	0.0186943613283354
FH	0.920248594698692	9.83946907927404e-09	0.0731367105612322	0.00661456110588495
RNF34	0.912618631061833	9.86162264810487e-09	0.0732939200337895	0.0140873162744388
EHF	0.887027261863715	1.44946322086551e-08	0.107743022648685	0.0052295816672838
PCSK1	0.855797735557615	1.87384112267663e-08	0.139290175370434	0.00491195520894916
DEFB4A	0.863849668120835	1.76708892119715e-08	0.131354689888778	0.00479550811173619
RELL1	0.922024226607084	9.78608609179213e-09	0.0727412594520392	0.00523438012120629
ETV5	0.900262971579171	1.24316210344519e-08	0.0924051848388362	0.00733171004417904
SPINK2	0.864788563451375	1.72655400742598e-08	0.128339383441408	0.00687191950761138
WFDC6	0.918414276383087	1.02280804636981e-08	0.076026573276991	0.00555901656387846
TMEM132D	0.920337933485838	9.97709506541473e-09	0.0741608896703656	0.00550104305996142
TMEM167B	0.908775963883375	1.07648544954738e-08	0.0800111182894989	0.0112127848108835
FAM213A	0.916353086544022	1.05029170641616e-08	0.0780695985593151	0.00557718112305949
MAN1C1	0.918550007630853	1.01973602039223e-08	0.0757981164058385	0.00565174219972489
WFDC10A	0.903768425774148	1.04266406945927e-08	0.0774894206764635	0.0187420215449896
SLC14A1	0.91904485764984	1.01782803779038e-08	0.0756566367254264	0.00529837181366218
FAM159A	0.912967763960054	1.09551674325817e-08	0.0814314532036502	0.00560064906584574
PARVA	0.917034314989279	1.04195661957883e-08	0.0774500577444667	0.0055154934843615
IL20RB	0.903138681646609	1.18546452890428e-08	0.0881147252032054	0.00874645980249614
MAZ	0.896666980431129	1.30729091387462e-08	0.0971734786124606	0.00615940726105201
CHRD	0.91658639491504	1.02999314514821e-08	0.0765593944495727	0.00685407703338498
IQCF3	0.913625102655219	1.03924260769927e-08	0.0772446925926658	0.00913007145598018
DIXDC1	0.92017176261643	1.00366678970851e-08	0.0746040111444489	0.00522409241806761
SPRN	0.912823589190166	1.1007017423859e-08	0.0818171302145914	0.0053591467923376
SF3B4	0.920311016103705	9.98770585572816e-09	0.0742398187514993	0.00544903135397179
USP8	0.908597769689709	1.15450735637471e-08	0.0858166334423139	0.0055854630954879
FNDC4	0.910357075297233	1.1372241620548e-08	0.0845323335368432	0.00511045732959791
SMIM13	0.900846655690728	1.24886131774261e-08	0.0928298537380342	0.00632335689791185
MRPL33	0.909388980979263	1.13972342668456e-08	0.0847173374272026	0.00589354786244693
ELF5	0.912522748640262	1.08168770185284e-08	0.0804019739827511	0.00707514380469209
PXDN	0.917584999774932	1.02919060815112e-08	0.0765006764179667	0.0059141900787886
RCAN1	0.909767824639725	1.10189491105012e-08	0.0819028563471115	0.00832918560939837
NEURL4	0.916125668412243	1.05284427771847e-08	0.0782593104738887	0.00561488734533313
PTH1R	0.921680176666453	9.80494494363507e-09	0.0728812457910296	0.00543844375026984
HDHD2	0.914029651524984	1.07761752070139e-08	0.0801006158620269	0.0058695988786833
ITPKA	0.886166891266646	1.18117384071188e-08	0.0877784617248065	0.0260545159868643
GSTK1	0.912323753142074	1.07635498205849e-08	0.0800049614052033	0.00767115196052541
UBE2D4	0.920777260144828	9.93927827046549e-09	0.0738799306214195	0.00534267542863514
KIN	0.916434196926115	1.04566217050427e-08	0.0777251910327658	0.00584047830289922
LTB4R	0.908991966660982	1.10974269390379e-08	0.0824860416271312	0.00852185833401451
FAM171A2	0.907202739255009	1.17809759673833e-08	0.0875706120286559	0.00522651489560619
CNOT1	0.916012373529172	1.05295715796252e-08	0.0782675966052586	0.00571989611114534
TMEM87B	0.914294055414135	1.04702192035243e-08	0.0778242291890304	0.00788158193291608
PKD2	0.822449174638762	2.30199744657647e-08	0.17111636336448	0.00643432833834738
UNC93B1	0.908007501443719	1.1673014091321e-08	0.0867680617310545	0.00522430300419982
ARFIP1	0.906525966697811	1.18292038393231e-08	0.0879288033312585	0.00554509619301495
MPP6	0.904491417321408	1.18405551213232e-08	0.088011232848317	0.00749721631470256
PDE6D	0.914918935606552	1.05278772334615e-08	0.0782538942616549	0.00682703652615759
HSPA9	0.714897666382211	3.74759913359532e-08	0.278577471672632	0.00652472829889465
GRID1	0.911987833844661	1.06801332615979e-08	0.0793839136134281	0.00862811917831822
CERS5	0.916396293861198	1.03767445782136e-08	0.0771307788487796	0.00647279363677826
HCAR2	0.859925648218703	1.81745885310687e-08	0.135098842440541	0.00497537548627718
HMGCS1	0.894620555339477	1.34056638600821e-08	0.0996474936056191	0.00573181730208358
EIF3J	0.915696402505155	1.02505322073898e-08	0.0761909185080022	0.00811254555396398
MIOX	0.90734387300953	9.43145429678594e-09	0.0700877112896528	0.0225682842106242
F8	0.92073162244072	9.46305065646288e-09	0.0703362243333791	0.00893201990314923
SLC35G2	0.929602000707865	8.73560412359444e-09	0.0649320961462544	0.00546576935730459
SLC26A11	0.910262716962397	1.13268265006608e-08	0.0841943003201677	0.00554284893921803
ARL6IP5	0.89863692679471	1.24497870820163e-08	0.0925387326688057	0.00882420719924525
DUS2	0.914129092939166	1.06503205792795e-08	0.0791642176588466	0.0067065557801602
TRADD	0.901533169475568	1.23808135037539e-08	0.092028392038978	0.0064383048275769
SCAMP5	0.908851139953094	1.10621623226247e-08	0.0822234928774284	0.00892523384581515
ATP2A3	0.907084375469123	1.14628853726909e-08	0.0852035474139412	0.00771194363021984
SATB1	0.879761582582006	1.48004583785594e-08	0.11001143493147	0.010226849337784
HNRNPR	0.913587118795063	1.09181486181683e-08	0.0811566122216179	0.00525613516657217
RPRD1A	0.907316639576113	1.05983282884979e-08	0.0787705181894151	0.0139127095810683
EMC4	0.919643986813572	1.00828277785982e-08	0.074946963455051	0.00540891593516132
PTCHD3	0.902582333019036	1.23994528233377e-08	0.0921681394232301	0.00524939374007922
ARHGEF25	0.908581122128207	1.1131722052578e-08	0.0827408239787358	0.00867792053615811
VSNL1	0.919369907439167	1.00945663203855e-08	0.0750340368460713	0.0055959219436767
HS6ST2	0.864987659592928	1.73040689354941e-08	0.128626280113679	0.00638592662847465
KCNG4	0.911755665792698	1.08640327299571e-08	0.0807520968236283	0.00749210386741353
SSB	0.894678633303893	1.33765377648287e-08	0.0994308213521369	0.00589041161246107
UTS2R	0.911345800729929	1.10810308473352e-08	0.0823663927459127	0.00628767284603759
CNEP1R1	0.920344096561886	9.99196484153777e-09	0.0742715434339501	0.00538422620462991
MYOM2	0.906918666673338	1.04483541026121e-08	0.0776541458623339	0.0154270550144366
COL4A3BP	0.915303265959683	1.03902767066957e-08	0.0772303787418	0.00746622177878002
POLI	0.878264922957819	1.48499941731832e-08	0.110378537918752	0.0113564061264884
KCNN1	0.914694410373748	1.01968369546799e-08	0.0757903633950353	0.00951509298682425
GPR26	0.913769227354019	1.02733348686722e-08	0.0763586664446578	0.00987197300489017
MYCT1	0.903332736521139	1.22300432868228e-08	0.0909082960997438	0.00575883362992662
HMHA1	0.910142113949706	1.12824777897762e-08	0.0838641760959716	0.00599357623667887
EIF1AD	0.911093647713652	1.12773126467525e-08	0.0838266942007384	0.00507952424512602
HTR7	0.891632615086826	1.36035694789581e-08	0.101117139548562	0.00725011181583311
PPAPDC1A	0.904661728565054	1.20737184687252e-08	0.0897463967330968	0.00559174093020412
ADAM29	0.908041178851959	1.08570723764758e-08	0.0806965858833725	0.0112621022550544
SWAP70	0.879058494914851	1.55594704568976e-08	0.115658621185291	0.00528275008668655
DCUN1D3	0.910744671253747	1.1276857050869e-08	0.0838229547372145	0.00543224021595603
REPIN1	0.923302567485672	9.61814037246e-09	0.0714928370146669	0.00520446167596979
HTR2A	0.906919258873555	1.16715097606373e-08	0.0867557785135119	0.0063248289398059
PVRL3	0.903543991612541	1.17951797611788e-08	0.0876726415667284	0.00878323347798428
HTR6	0.898014651679181	9.64070207205186e-09	0.0716354078016883	0.0303498100746856
RBL2	0.923995497579778	9.48736256196757e-09	0.0705203989649303	0.00548396966916265
DPYSL2	0.90577799487373	1.15340737769801e-08	0.0857319602548458	0.0084899114892597
PSMD11	0.914136305176932	1.08450804841352e-08	0.0806134541583989	0.00525010684711089
ARPC3	0.905180220695121	1.19823919580062e-08	0.0890673454113847	0.00575230014342569
DVL2	0.924093342667702	9.45191362819337e-09	0.0702567176007718	0.00564980596768337
U2AF2	0.921075301172737	9.77960973572244e-09	0.0726921183184914	0.00623244682322827
ABLIM3	0.916584043999647	1.03675212635565e-08	0.077062335116156	0.00635348721491988
UAP1	0.920229581066185	9.96191510038059e-09	0.0740478254662713	0.00572245971346565
APAF1	0.919758354329326	1.00574093074811e-08	0.0747579363751728	0.00548357550931869
RACGAP1	0.918421439044284	1.02435785341583e-08	0.0761419032465157	0.00543652391669528
ANXA9	0.916422462776714	1.0474201554721e-08	0.0778559928283534	0.00572141064071272
REXO2	0.90873530683774	1.14413951757971e-08	0.0850452891448194	0.00621927033012767
PRIM1	0.897979966008021	1.30430902575098e-08	0.0969529074283367	0.0050669927214756
GGA1	0.91802399200616	1.03232810076204e-08	0.0767345800301725	0.00524129414492498
THTPA	0.920278360810853	9.93273249665782e-09	0.0738307234196969	0.00589078203799076
RAB27B	0.878077150808048	1.13865471198652e-08	0.0846064700460522	0.0373162496376652
RAB31	0.917331350915479	1.0434536475568e-08	0.0775617505305628	0.00510676471713665
RABEPK	0.915982373511062	1.00655690833185e-08	0.0748148743787167	0.00920261882383478
NHP2L1	0.919892722004388	9.92545372660165e-09	0.0737761752884174	0.00633096903489295
RFESD	0.854326699980201	1.83231094370992e-08	0.136198397831929	0.00947476893805851
NEURL1	0.917231779175345	1.03378361866384e-08	0.0768420936678661	0.00592599343006193
ANXA10	0.912825959853961	1.09699401224049e-08	0.0815412364223779	0.00563266995751533
GTF2I	0.909922004463042	1.14415411273095e-08	0.085047563071302	0.00503029861855911
MAGEA10	0.893847969962282	1.35652411528227e-08	0.100834151947618	0.0053177442816325
CYTIP	0.911346859707697	1.12159616042689e-08	0.0833704279980929	0.00528257848101599
AK5	0.917107438680722	1.02679414103987e-08	0.0763218746981852	0.00657055298098746
NCK2	0.915471172092919	1.06791162606724e-08	0.0793798328263234	0.00514886124959327
MAD1L1	0.915538015337156	1.01621450689932e-08	0.075533061813139	0.00892878952652017
ASNA1	0.912115330005702	1.04740203577675e-08	0.0778503330776497	0.0100342037420184
AP2A2	0.658097287022129	4.49327008489982e-08	0.334006787352258	0.00789579216360484
PPP2R5A	0.916327047591122	1.05809212955465e-08	0.0786500103219763	0.00502280823879743
MLL2	0.916425983847746	1.02420814683649e-08	0.0761287659669299	0.00744511666275002
NADK	0.910876612566764	1.12771708171337e-08	0.0838254215789489	0.00529783204314269
GRB14	0.908407052841427	1.15529883304331e-08	0.0858753371598661	0.00571747624395797
ATG4B	0.915975179516627	1.05452197513813e-08	0.0783839990934974	0.00564068762480674
RBBP5	0.913708390909473	1.09313297197256e-08	0.0812548156014463	0.00503665964283806
PIR	0.890636561643304	1.15445734863882e-08	0.0857949331235547	0.0235683738773485
NAP1L1	0.906704391150765	1.18032315775821e-08	0.087735719557192	0.00555975551609791
USO1	0.898263122674629	1.30024686868091e-08	0.0966509214167349	0.00508582206900075
IFIT3	0.895158440677199	1.28466155820291e-08	0.0954880940065799	0.00935333205008889
HGS	0.914018536310324	1.08564822956036e-08	0.0806981783701014	0.0052831515064566
DHX38	0.902748447349377	1.06854005633383e-08	0.0794138595326006	0.0178375609920749
KCNIP1	0.898994796771133	1.27231279239949e-08	0.0945730493339061	0.00643202023623779
TOM1L1	0.906551342859078	1.17723575268613e-08	0.0875058292425239	0.00594269417391534
MACROD1	0.91667935576609	9.82815746107373e-09	0.0730489667882887	0.0102715443028861
ROCK2	0.911310102774849	1.1223013920554e-08	0.0834228682440293	0.00526689516581869
NCL	0.904125158976744	1.22057291698503e-08	0.0907281653709226	0.00514654182085799
PNKP	0.921724313366708	9.81774616385428e-09	0.0729765452205591	0.00529900760174565
ATP13A1	0.924108020020273	9.4854634756029e-09	0.070506380295289	0.00538546588507134
CA10	0.920846963705356	9.92538336707239e-09	0.0737766069326626	0.00537629556138211
FGFR3	0.917396342943868	1.00623193692573e-08	0.0747921082938639	0.00781141528892022
ELANE	0.920342812799527	9.86251728457614e-09	0.073308309034138	0.00634874449642128
HSPA6	0.916363878062279	1.03326464839431e-08	0.076802607765112	0.00683338056782527
CCT7	0.895472584510515	1.30655663792898e-08	0.0971176447624211	0.00740963719972327
INHBB	0.920852563449768	9.76186755008373e-09	0.0725598738570506	0.00658742905534484
NAB2	0.890022369611216	1.2582977091926e-08	0.0935211905946589	0.0164563074825526
CSNK2A2	0.90326610100489	1.06248489844761e-08	0.078963806930662	0.0177699599294166
CSF1R	0.908297837535784	1.06773654541677e-08	0.0793596243718481	0.0123424052279344
CLCNKB	0.911977121592295	1.1127794933755e-08	0.082715001266919	0.00530774333097388
IL5RA	0.912106442315553	1.10625552947568e-08	0.0822296755864502	0.00566374833602795
CAPSL	0.88813417212829	1.42016488822272e-08	0.105564010402871	0.00630168379260142
ODC1	0.754811370537066	3.2386627944012e-08	0.240746928068407	0.00444156746830943
SLC5A8	0.911560742588692	1.11860022814777e-08	0.083147711570293	0.00529141202900803
CRLF2	0.907954432679628	1.15375315029523e-08	0.0857598681802975	0.00628556546167031
GPD1	0.907742125811096	1.15921445217884e-08	0.0861660369744793	0.00609170350996735
KIAA0319L	0.895283526755479	1.32433703908015e-08	0.0984405141798142	0.00627582538499386
ANXA2	0.918333492477983	1.02777572791132e-08	0.0763961429082649	0.00527023079889893
HMGCS2	0.887413566135557	1.4243344770528e-08	0.105873552639351	0.00671274760409576
CLTC	0.916481840863	9.53377272813302e-09	0.0708582207956688	0.0126598055195511
SEC22A	0.894751756139004	1.34434935191237e-08	0.0999291194762863	0.00531899057640899
FCN2	0.928984398014938	8.66493420269560e-09	0.0644056154862488	0.00660985286398961
PAK4	0.916466812179943	1.04586074652058e-08	0.0777399999344072	0.00579305414105817
PRTN3	0.902774806031321	1.23736468209919e-08	0.0919763068657273	0.00524875328521136
FGF19	0.370922229669581	8.43313339855879e-08	0.626888767341595	0.00218886875987052
CD80	0.898809463576069	1.2293314659431e-08	0.0913745773483492	0.00981582587160391
SPOP	0.912666766769583	1.10279859024061e-08	0.0819730019264554	0.00536009750118567
ERP29	0.914197461350543	1.07317051488191e-08	0.0797698773810975	0.00603252755594944
SFXN5	0.867180107888039	1.71626057061955e-08	0.127575831739306	0.00524392655426718
IL12B	0.906118267153914	1.04690878073559e-08	0.0778076263758139	0.0160739741073192
INHBA	0.91750120348317	1.03767027880813e-08	0.0771315738997223	0.00536708881527078
FRZB	0.921532240346337	9.87886900482737e-09	0.0734311745515424	0.00503645125584912
CUL4B	0.911009597091819	1.12638644234697e-08	0.0837265403983403	0.00526372869411395
IL3RA	0.917106962131839	1.00897438621035e-08	0.0749958872074477	0.00789701719887009
CCL8	0.900344728329669	1.21878531344065e-08	0.0905913636641106	0.00906377470117575
RMI1	0.882545102386591	1.44226562940514e-08	0.107202955524125	0.0102518089438967
APOBEC3G	0.90528803313064	1.19527224697616e-08	0.0888466794968055	0.00586515363765217
PSMD9	0.871060465059877	1.63659699543619e-08	0.121651864157828	0.00728753723854366
ARHGEF7	0.913411090144214	1.07767453988537e-08	0.0801042395398398	0.00648453666428111
NAB1	0.925425277527502	9.27531394429616e-09	0.0689439537352323	0.00563063497084617
MCF2L	0.899063024507383	1.24108221549499e-08	0.0922492170038014	0.00868762513322134
PGK2	0.912051922806324	1.11504579436469e-08	0.0828837140232581	0.0050642293278807
CAND1	0.916911772127442	1.04466705670185e-08	0.0776516216038499	0.00543647247619466
UGP2	0.923666054036889	9.47022513878566e-09	0.0703925477929583	0.00594126444547876
FARS2	0.920573882296064	9.82063448150341e-09	0.0729968859182611	0.00642909812655971
SPSB1	0.918347724778851	1.01852423608934e-08	0.0757077437545871	0.00594439774230973
DPY30	0.893260194290492	1.36321819057013e-08	0.101331676884466	0.00540799502870158
SULT1A3	0.917094610936328	1.03798183564967e-08	0.0771543501778865	0.00575090513552774
DDX23	0.910985861371841	1.07177760833601e-08	0.0796630149001849	0.00935099046152773
NUDT12	0.899275595266052	1.27601036798432e-08	0.0948484709670556	0.00587580003341967
GABBR2	0.911095457179093	1.11117958780425e-08	0.0825950680353085	0.00630934111038954
DAPK1	0.911580866268388	1.10058251074506e-08	0.0818070140936307	0.00661198600344351
RBM46	0.917976401711441	1.01595072157021e-08	0.0755158740922316	0.00650759054776073
LAP3	0.92157808478088	9.85110960154372e-09	0.0732246597533866	0.00519712164105551
AGAP3	0.905854117771245	1.13121159877387e-08	0.0840804248075416	0.0100653242507665
KIF3A	0.914961433221618	1.0610504977201e-08	0.0788687786793781	0.00616965440502145
TOLLIP	0.901788018580468	1.22438315125289e-08	0.0910093494973533	0.00720249836699871
MYOM3	0.913729267364777	1.05867406106074e-08	0.0786907120867185	0.00757988704404151
TXNRD1	0.915317475681538	1.06492191118497e-08	0.0791572110943831	0.00552517944348728
HSD17B14	0.88915801659237	1.38160839880065e-08	0.102696005661269	0.00814584431795631
TTL	0.91558706622219	1.02864717205612e-08	0.0764582388232198	0.00795456150047971
PPFIA1	0.896825041902448	1.24945401491538e-08	0.0928699313285341	0.0103048936307653
ARHGEF1	0.9012297211599	1.2246808508884e-08	0.0910309427892469	0.00773920256780085
TBX3	0.900472954832172	1.26913409183735e-08	0.0943379984636011	0.00518891287844485
SLC26A7	0.916090569304538	1.05552401220672e-08	0.0784586772486813	0.00545061965616919
RGS18	0.910202794701859	1.13598649571686e-08	0.0844400830259983	0.00535698846894752
CRYZ	0.915083507747699	1.07028265844014e-08	0.0795558758283763	0.00536048262119902
DDX25	0.908677597497537	1.12022931317099e-08	0.0832660474975406	0.00805622156447495
LANCL1	0.879336190809124	1.53887468140412e-08	0.114388526275132	0.00627514923594034
NMRAL1	0.905034144490013	1.20543524924381e-08	0.0896026652212671	0.00536305648634043
PC	0.907589045634313	1.16542397545933e-08	0.0866279410089541	0.00578287961077356
EIF4G3	0.910967898774284	1.1120568647102e-08	0.082660219461952	0.00637174809694198
NSF	0.899921592429654	1.27758592908086e-08	0.0949663567970842	0.00511191693713272
EPB41L1	0.89712958190067	1.30835904934287e-08	0.0972534227795377	0.00561686155152191
FBL	0.904833859096785	1.06333286947982e-08	0.0790284746896384	0.0161375338591646
PPCDC	0.911826036769719	1.11226042895648e-08	0.0826762258923213	0.00549760355366151
ADSSL1	0.911005357341435	1.12674266291441e-08	0.0837530429077184	0.00524146593212785
DOCK9	0.909614949408757	1.11592595717965e-08	0.0829467684664463	0.0074381486012871
CHD7	0.922013325042238	9.68995694041013e-09	0.072025941243859	0.00596059999182579
GNMT	0.88411304734743	1.49064940421565e-08	0.110804813465161	0.00508200534725928
PAPSS1	0.913837937414902	1.0854301065381e-08	0.0806817668230499	0.00548016197540778
DCP1A	0.884820764513287	1.44021362902509e-08	0.107052541921764	0.00812656013395341
TNFAIP3	0.914167376951388	1.08312155134824e-08	0.0805103145319018	0.00532217470883679
S100A11	0.918723996515857	9.97513882308867e-09	0.0741447175092723	0.00713115241010331
DHX58	0.914919196792001	1.03993559621651e-08	0.0772975539990313	0.00778311573181724
TANK	0.910187154243109	1.1359718551603e-08	0.0844389779504105	0.00537373400553597
EVPL	0.89600770122423	1.33010818066971e-08	0.0988706758967471	0.00512148904417921
MED4	0.91546296632159	1.04282985428028e-08	0.0775134631506576	0.00702343694850859
EDA	0.911473304991766	1.10716418412518e-08	0.0822966557794751	0.00622990554287409
TNFRSF9	0.905030124076909	1.20961608049676e-08	0.0899137613214359	0.00505598075800868
IL17F	0.914934596833177	1.00109042852965e-08	0.0744070589450141	0.0106582111310382
PIK3C2A	0.883521287648029	1.42696932875376e-08	0.106065718597005	0.0104128606312246
COPS2	0.91674834896474	1.04751978827193e-08	0.0778637328239827	0.00538778441222244
TACSTD2	0.912254709343455	1.10308704038432e-08	0.0819940533401727	0.00575110356614284
TIAM1	0.904700321067591	1.21184525342431e-08	0.0900793063297155	0.00522023878112082
MPDZ	0.919025731371744	1.0196646388617e-08	0.0757932810298192	0.00518085377157288
RANBP3	0.910795787380151	1.02830321767568e-08	0.0764278487343766	0.0127762310793405
KLK5	0.907376452530734	1.17176076131212e-08	0.0870992552150228	0.00552415847351449
EEA1	0.905079567843591	1.08986149007308e-08	0.0810027436730221	0.0139175558306346
NCOA2	0.918818244513909	9.65959255057678e-09	0.0717967982926356	0.00938482393155703
BDNF	0.919925024871914	1.00566613835526e-08	0.0747525378306389	0.00532230348959203
IL1RAP	0.907079920497119	1.15824561476943e-08	0.086093281878477	0.00682666401871804
FOXC2	0.898449935536776	1.29671434217683e-08	0.0963882493416906	0.00516168129209159
UNC13A	0.909033041697054	1.13845538596225e-08	0.0846226248653578	0.00634419976706488
IL15RA	0.910633089690527	1.06647151230703e-08	0.0792678294953567	0.0100989476481862
NCF4	0.889335422585921	1.41022208176899e-08	0.104825357994659	0.00583908568101266
TNFSF11	0.917520254774161	1.03659779111104e-08	0.0770517880136037	0.00542782341856082
OSM	0.911819564428709	1.07164849525658e-08	0.079654241995575	0.00852606019840785
CD5	0.904896055347818	1.19642362394648e-08	0.0889319623182691	0.00617184864022583
MAGI2	0.917781536741429	1.02667136242392e-08	0.0763134133829942	0.00590491614601782
PKP2	0.901641173081753	1.23436502773527e-08	0.09175196460874	0.00660672867426317
CA4	0.909656611962905	1.13191875798814e-08	0.0841368515819314	0.00620640276612091
ITSN1	0.881506666802778	1.43707083013873e-08	0.106815365480078	0.0116778347633996
SHC2	0.900241112150924	1.26842027378995e-08	0.0942846504245337	0.00547410363708653
CST4	0.903041581045512	1.22590680399971e-08	0.091123980945124	0.00583430427031485
IL18R1	0.901403724918492	1.24402904396743e-08	0.0924708367056104	0.00612530467595594
SEPHS1	0.918655921245527	1.02277331950583e-08	0.0760242311006861	0.00531971384558245
IGFBP6	0.863555987221666	1.76777632015552e-08	0.131405546005477	0.00503833292683949
DEF6	0.915667218243104	1.06429399264012e-08	0.0791108370966518	0.0052218108388828
FLT3LG	0.920565980893276	9.42581066815504e-09	0.0700589517904755	0.0093749340530198
HBEGF	0.918058429176912	1.0302889152822e-08	0.0765828765295144	0.00535856049059154
KLRK1	0.891406683319049	1.39191660047156e-08	0.103465300889371	0.00512788195759704
CARS	0.916857167437248	1.04505053129672e-08	0.0776801016991927	0.00546259707455688
C1QC	0.91156520204005	1.0438358447101e-08	0.0775844183078971	0.0108502465870891
CNTFR	0.915333506324987	1.03590953253216e-08	0.0769983850190286	0.0076679751633607
RAP1GDS1	0.911482500642	1.11336338214768e-08	0.0827579539387477	0.00575941167013991
MTHFS	0.915139797972078	1.0701341619951e-08	0.0795448823956741	0.00531518582343593
THBS2	0.915789923817916	1.05974407668401e-08	0.0787723958129947	0.00543754657672085
PIANP	0.919605115062462	1.01052932130188e-08	0.075114092244412	0.00528065887967257
ADM	0.921065470718516	9.90448849577765e-09	0.073621344686582	0.00531305078580172
S100A4	0.917919312282535	9.5228122139757e-09	0.0707781013482055	0.0113024533650677
RNF43	0.86319064948311	1.76821459338583e-08	0.131437792681753	0.00537142403388206
TNFRSF10D	0.918248586976011	1.01020736045688e-08	0.0750887769074677	0.00666250248877249
EFNA2	0.911846303117809	1.07590119727359e-08	0.0799707168660544	0.00818284659270541
IFNB1	0.922155671228092	9.72646638462745e-09	0.072297754411376	0.00554644058279784
IFNA10	0.87696378696941	1.55777914690696e-08	0.115792852991121	0.00724322648976275
IFNA7	0.910683999346753	1.12517069535858e-08	0.083635749441074	0.00568011745240285
EFNB2	0.863878483490316	1.7187706189655e-08	0.127759302191259	0.00836208091908171
HHLA2	0.904365724585099	1.21326267298355e-08	0.0901844431034801	0.00544969852068576
IL1R2	0.915137966047325	1.06389773535848e-08	0.0790808213865095	0.00578107881996443
AMIGO2	0.914948961809527	1.07194656670208e-08	0.0796795543409313	0.0053713500482774
RXFP1	0.909331958763995	1.12486341086759e-08	0.0836115306793239	0.00705637698186608
CD93	0.923011873474867	9.39558098885368e-09	0.0698364578552159	0.00715153510788919
NRG4	0.905789900379551	1.14784821489596e-08	0.0853183089230766	0.00889165736919722
HIST2H2BE	0.911698680908127	1.11814493943719e-08	0.0831139711268572	0.00518721413900516
HIST3H2A	0.906555063055109	1.17891215162724e-08	0.087630575604431	0.00581422759871463
HIST1H3A	0.88593702887612	1.40878822509254e-08	0.104715261390003	0.00934757646697153
IL36B	0.912002612937326	1.09805473661822e-08	0.0816193418864891	0.00637791151019069
IL36A	0.906984373458386	1.04966993266332e-08	0.0780139536169884	0.0150015404175499
EFNA3	0.893095096225116	1.35417858256826e-08	0.100658864722537	0.0062459053686136
YWHAB	0.917848725398859	1.03202334058664e-08	0.0767117270575303	0.00543941375149323
YWHAE	0.907345373912893	1.08193585556541e-08	0.0804152568079027	0.012239236400905
ANXA5	0.917588191198272	1.03787701483285e-08	0.0771470444232119	0.00526463056291016
CDKN3	0.913910204021509	1.08173449980278e-08	0.0804068451126651	0.00568281710641947
RFFL	0.903526952139005	1.21321899398379e-08	0.0901803532902251	0.00629256089330566
PDCL2	0.913014118472409	1.09237594594327e-08	0.0811977895175283	0.00578795826478552
PRDM1	0.914400120093406	1.04900337261068e-08	0.077971777341441	0.00762796906715186
ANXA7	0.917681923313974	1.03600973044903e-08	0.0770081916212497	0.00530975125523275
FOXJ2	0.910127333578161	1.13712980788441e-08	0.0845250825703989	0.00534745004696391
HEXIM2	0.917430490950809	1.01767638741083e-08	0.0756437362756066	0.00692563918119874
RBP7	0.926012751706357	9.09605493512486e-09	0.0676106563399471	0.006376458287507
DDX46	0.918385917163257	9.95930555055306e-09	0.0740265620172732	0.00758738731601439
MYL6B	0.920552929816801	9.5001488302864e-09	0.0706120969406429	0.00883483990674408
MOCS3	0.911445286830503	1.1159799468919e-08	0.0829526180685108	0.00560196133071404
SNX7	0.913931535826037	1.0527823282061e-08	0.0782525044152122	0.00781582628599586
DOK2	0.912327593000495	1.10382991547387e-08	0.0820494044266565	0.0056228688053855
BLMH	0.89728629500136	1.24742597862763e-08	0.0927194846944107	0.00999408712420837
PTPN4	0.920145245112592	9.9263179508266e-09	0.0737828588492154	0.00607176233105546
NET1	0.92324260695183	9.58824232572965e-09	0.0712703024310194	0.0054869568314219
SRXN1	0.911288080665253	1.11989407937473e-08	0.0832437154888692	0.0054680700576108
RAB6B	0.918366456575276	1.02192722075188e-08	0.0759609822331038	0.0056724274308183
PREP	0.873371400101956	1.48363301142262e-08	0.110271963772851	0.016356503800209
RAB14	0.904934731740543	1.2080988444742e-08	0.0898007666785942	0.00526436776522173
EIF2AK4	0.876721334047779	1.58437117854551e-08	0.117771351807814	0.00550718036139687
NFATC1	0.890408268378231	1.25066899249703e-08	0.0929539159121245	0.0166376834224471
RAB5C	0.914470249166674	1.0715653720466e-08	0.0796507100470598	0.00587890705321186
AGAP2	0.900561187907094	1.25523522269038e-08	0.0933038570680194	0.00613482132622441
MBD1	0.92011399276305	1.00398637839933e-08	0.0746277342530193	0.00525813916745101
HNRNPH1	0.905259565710627	1.14630688263797e-08	0.0852030858758178	0.00953721517213583
PPIL2	0.902134957796335	1.21035408485993e-08	0.0899657789506025	0.00789912979150272
VPS29	0.923979710310885	9.4857390678928e-09	0.0705083025688259	0.00551185333790689
SMC3	0.919958880009099	1.00013979794421e-08	0.0743413508196909	0.00569963541406397
UBE2E1	0.908699711414239	1.15687646832121e-08	0.0859930236396171	0.00530713113624991
DIDO1	0.906601931554672	1.08802234842984e-08	0.0808674150643323	0.0125305205418427
DYNLT1	0.917913647501489	1.03222807109601e-08	0.0767270262607748	0.00535919243483706
RALA	0.915403036231163	1.06588032128672e-08	0.0792286130612068	0.00536821690594474
RCVRN	0.912313554955885	1.08902055848083e-08	0.0809474102832458	0.00673890114338816
TRAPPC3	0.903543887926512	1.15230842118941e-08	0.0856479493822012	0.0108080296206512
FAM69C	0.888658941578484	1.41388140882001e-08	0.105096975275636	0.0062439494618828
MSTN	0.911615418042978	1.09980601240481e-08	0.0817492686080935	0.00663517971750923
GDF11	0.906699749859936	1.13669888952376e-08	0.0844895864591539	0.00881053034183303
FAM210A	0.915845392322032	1.05686184547422e-08	0.078557981430387	0.00559649247657316
SEMA6C	0.916663627495249	1.04055107940311e-08	0.0773450989382734	0.00599113984850543
STAB1	0.916999324528957	1.03734535484964e-08	0.0771068935790873	0.00589364816088271
KIAA0040	0.917012969763914	1.04432095125144e-08	0.077625968826101	0.00536092760731969
ZNF382	0.89416893346557	1.31878906591246e-08	0.0980265678541291	0.00780436520600543
VOPP1	0.901904388254564	1.23855778957418e-08	0.0920642159796939	0.00603126205316234
ZNF526	0.902408738009661	1.20883947700861e-08	0.089853349414935	0.00773777909216101
SUMO3	0.922326011970586	9.72323238208996e-09	0.07227386036392	0.00539999386807838
CTCF	0.909305928545078	1.14408801492654e-08	0.0850420279702964	0.00565190972106424
FBXO3	0.913046808023025	1.09317142845437e-08	0.0812570149441637	0.00569604327518149
TMEM185A	0.909755041219888	1.13485542271289e-08	0.0843554704724336	0.00588935457602829
LHCGR	0.912861445639042	1.10401099491902e-08	0.0820634131289175	0.00507500739095013
HRSP12	0.89509773765276	1.09916673793148e-08	0.0816851652940501	0.0232169656501737
GSTA4	0.901632759844143	1.04627573837455e-08	0.0777560310188281	0.0206110773838094
DNAJC17	0.921028260636938	9.88118685754986e-09	0.0734479174572652	0.00552368812500596
RNF8	0.920945618306189	9.93890336210357e-09	0.0738773094149159	0.00517693845150399
SKIL	0.915525660610234	1.0532040281028e-08	0.0782854792762209	0.00618872642212607
EIF4B	0.914503166159959	1.0786614412937e-08	0.0801787690983804	0.00531793093321813
AKT2	0.91837273970785	1.02833770541809e-08	0.0764379995420563	0.00518912692434082
PLIN3	0.915126515863838	1.0684961549723e-08	0.0794229832459807	0.00545036709953507
SEC13	0.859014594994793	1.80724103402476e-08	0.134337611630164	0.00664765974530046
ZNF276	0.903845700813953	1.12294124334926e-08	0.0834630083882373	0.0126911579802447
C8G	0.887538696058957	1.44699480100462e-08	0.107559856833263	0.00490131324334802
CST6	0.891257577470266	1.32838186181135e-08	0.0987374637850612	0.0100048255660953
AZU1	0.910303487823358	1.13769813318544e-08	0.0845675485944273	0.00512882974835924
CRLF1	0.902080795425972	1.18216817736052e-08	0.0878683812143333	0.0100506901872807
IGF2	0.899606277781343	1.27404313864561e-08	0.0947024183417363	0.00569117011863662
S100A3	0.90184411440386	1.25042383049775e-08	0.0929471204404351	0.00520863133257314
NETO1	0.919831345994066	1.00751941088854e-08	0.0748903480491082	0.00527817214303923
MESDC2	0.915935492169415	1.0528346493721e-08	0.0782584036517032	0.00580597043602562
CCDC134	0.914699685294571	1.05674133158105e-08	0.07854786700868	0.00675231408107102
S100A5	0.890354288871574	1.19400340248585e-08	0.0887373147263876	0.020908264688758
REG3A	0.910884002516313	1.12157737853112e-08	0.0833685670965684	0.0057472966363765
SCGN	0.907344186078108	1.17245431469393e-08	0.0871508309651096	0.00550484917346032
IGJ	0.921045189576541	9.77543302477495e-09	0.0726610088239223	0.00629366792222147
VWC2	0.910611661445055	1.05007891156832e-08	0.0780480170940751	0.0113401884617491
AGO1	0.901177714958406	1.26081476089506e-08	0.093719653616992	0.00510249758720732
MAD2L1	0.904997649719249	1.19867994984773e-08	0.0890999596376278	0.00590225691320739
CLIC4	0.918460545423253	1.02643020861883e-08	0.0762961485589235	0.00524317219933324
CUTC	0.915100975762863	1.06811526871863e-08	0.0793946155268465	0.00550427492688874
TXNL4B	0.915045955531548	1.06264664547591e-08	0.0789876343477725	0.0059662763993669
S100A10	0.919892338012766	9.97360583164247e-09	0.0741344798671448	0.00597304839968627
CCNA1	0.921696171164302	9.70710736852788e-09	0.0721532419421969	0.00615045319693986
CPLX2	0.921159470083123	9.75795051202048e-09	0.0725310339718136	0.00630936226985798
CRADD	0.915823558956626	1.0159094305584e-08	0.0755106465858429	0.00866566109898468
AGO3	0.918322235775351	1.03119465008803e-08	0.0766505372957332	0.00502709308138634
FTL	0.913165596968398	1.06991576546629e-08	0.0795266550989606	0.00730761439159009
GAP43	0.921840949944461	9.68496579929013e-09	0.0719886290813525	0.00617028728028926
GBP1	0.920440989093936	9.68113315502163e-09	0.0719587086030778	0.00760016880124967
ROBLD3	0.913711241893354	1.08945400607554e-08	0.0809810626685182	0.00530756162829092
RBBP4	0.917329897876816	1.03812928102059e-08	0.0771655572681124	0.00550441107168986
SDF2	0.919677718550726	1.00708403236309e-08	0.0748577972861808	0.00546435037432774
SELM	0.922078296619181	9.63022106933917e-09	0.071581505275554	0.00634006443418434
CFL2	0.896148932352604	1.2622254606453e-08	0.0938195914769418	0.0100313429954387
KNG1	0.907892012417375	1.16172605383861e-08	0.0863530779766093	0.00575477585628019
IFNG	0.900791828133404	1.25793823830046e-08	0.0935052222213596	0.00570281588851716
HPX	0.898124909263048	1.07807030158166e-08	0.0801183871064751	0.0217565720311992
SCG5	0.908414155181285	1.10278352750244e-08	0.0819676242229702	0.00961808736519308
APOA5	0.878889636529452	1.4411320773935e-08	0.107114947581218	0.0139952832470233
BPIFB1	0.0424744659022642	3.8145699948506e-09	0.0274261392579892	0.930099385311378
BMPER	0.874649326251541	1.60270400756024e-08	0.119133443138182	0.00621709692267059
BOLA1	0.895811001221941	1.33305822131205e-08	0.0990899946788585	0.00509887026131651
GKN1	0.919422072197779	1.01050442279747e-08	0.0751120562939561	0.00546573771968546
CPB1	0.913720483605053	1.08488165744752e-08	0.0806408385682988	0.00563854406129207
CTSE	0.911868352876469	1.04928560487071e-08	0.0779902442438756	0.0101412697194128
DDR2	0.912194849318538	1.11525400456373e-08	0.0828993502364342	0.0049056665811803
EDN3	0.905766466305512	1.19958794961274e-08	0.0891682944574537	0.00506510539461305
KL	0.916200988992255	1.04458902306887e-08	0.0776451035430426	0.00615377376858702
FABP2	0.893901742525585	1.35898319291084e-08	0.101017188370149	0.00508093526397357
NRP2	0.922906061344367	9.43182197169021e-09	0.070106024966132	0.00698778010546685
FCGR3A	0.920986977543678	9.79162712797727e-09	0.072781452607373	0.00623143616327037
FXN	0.914609723835908	1.07829269217407e-08	0.0801514367463949	0.0052387055986072
GAL	0.898407659649803	1.13391496699308e-08	0.0842741314147395	0.0173180767396966
GAS6	0.925324261057807	9.2631232296509e-09	0.0688531402062535	0.00582246499529943
GSTM1	0.896273312452649	1.17483103154011e-08	0.0873166030502767	0.0164099521792728
GFER	0.906511095380837	1.16569301406326e-08	0.0866468814297603	0.00684188958576217
ID1	0.918221174972657	1.01490482356371e-08	0.0754382927213731	0.0063403986349349
ID2	0.916338234836148	1.04274326851613e-08	0.0775078963561276	0.00615373511160366
IFNA21	0.921648694574392	9.83962589096244e-09	0.0731392789153411	0.00521189268757306
IFNA4	0.8737697025695	1.35824895423475e-08	0.10094240069019	0.0252877656155836
BIRC7	0.911730543269738	1.10716964620874e-08	0.0822973197147625	0.00597200329495605
LDHA	0.917098112221145	1.04032813081888e-08	0.0773289440153975	0.00557280998926767
LYG2	0.915045824673079	1.07063547178994e-08	0.0795820913262408	0.0053719501994977
SERPINB5	0.877740904595901	1.32170747498167e-08	0.0982272853184275	0.0240316787921417
MAPK10	0.908136666269026	1.16282436621818e-08	0.0864350494741164	0.00542815046322581
PMP2	0.871154532550344	1.66368549048094e-08	0.123667642204818	0.00517769141754811
LOXL3	0.918025403877165	1.02218683319669e-08	0.0759799588786195	0.00599450352669692
OPTC	0.9145142498377	9.59146430122511e-09	0.0712855403998628	0.014200077147652
OTOR	0.306765602625529	7.15922931723114e-09	0.0525786626892251	0.640655686258946
SRC	0.914927580971925	1.0748215012117e-08	0.0798934598900694	0.00517882531086759
PNOC	0.910697862803005	1.12502843833851e-08	0.083625177821413	0.00567682561536996
PNP	0.917324128790796	1.03422130573662e-08	0.0768747548730938	0.00580098259258336
RAMP1	0.91408729792997	1.07940874662211e-08	0.0802339606024816	0.00567860770757611
RND3	0.902008154429101	1.24779537044665e-08	0.0927516981213502	0.00524001363063374
PCSK2	0.910545289535727	1.01094420076266e-08	0.0751358949731288	0.0143186828922986
GM2A	0.922320905071924	9.61385554953373e-09	0.0714599705438528	0.00621899069687239
SERPINB4	0.915672701043479	1.04363349547067e-08	0.0775734728957616	0.00675369244526523
NRG1	0.886653631641366	1.37467641801684e-08	0.102177682665748	0.0111685526707002
SORD	0.91248550555783	1.00090965125155e-08	0.0743911555712754	0.0131232061113916
SQSTM1	0.894748115007004	1.31090714957774e-08	0.0974406457919445	0.00781110572766308
NT5E	0.91107901228612	1.11596864896622e-08	0.0829514107365444	0.00596944325644934
AMBP	0.902746951676748	1.1828058937943e-08	0.0879165011993229	0.00933641385552478
ADAM15	0.905308734195378	1.19869188505112e-08	0.0891011591447901	0.00558997288794773
ANPEP	0.911826816116899	1.11657777357458e-08	0.0829974849025471	0.00517556515297869
DPP4	0.914500663830055	1.06562181301805e-08	0.0792084739086825	0.00629072858355245
CD8A	0.912953777546316	1.09010842947224e-08	0.0810290007906505	0.00601708794854821
CNPY4	0.908861661457789	1.1525861287842e-08	0.0856739369986602	0.00546426775477355
COL9A1	0.917176281344056	1.01434188249351e-08	0.0753953577346093	0.00742822739649113
CFHR1	0.7007920179817	3.70545367542775e-08	0.275427263289013	0.023780587402014
PNLIPRP2	0.915265402963853	1.02929317052636e-08	0.0765059862749493	0.00822847734389913
LRP11	0.903287558152869	1.08190645953917e-08	0.0804090075399689	0.0163033019750273
PIN1	0.920094602530584	1.00370060440857e-08	0.0746064500951085	0.00529881356329547
PLTP	0.867694606022163	1.63626175211099e-08	0.121623549114763	0.0106817117754609
REG3G	0.917010023971636	1.021731466446e-08	0.0759450581552829	0.00704478429670691
VNN2	0.923897097954802	9.49850053639664e-09	0.0706031793256409	0.00549958893552558
CAMP	0.82369003478091	2.27284189832857e-08	0.168948109942166	0.00736172174314492
AGRN	0.884040553379984	1.49162876672174e-08	0.110877616310048	0.00508169646977731
AOC1	0.921043723305392	9.8664876624023e-09	0.0733385546523557	0.00561758827407908
CES1	0.916555732418291	1.04490620960235e-08	0.0776690608307783	0.00577507300392179
CD248	0.911223125217086	1.11239047909979e-08	0.0826852995474151	0.00609144153100628
CRIM1	0.888418708038907	1.4289586243652e-08	0.106218646534221	0.00536251162441997
FGFBP1	0.918831149004929	1.00784758000656e-08	0.07491376626581	0.00625495104674216
FOLR3	0.888046296631843	1.43058019356225e-08	0.106338936448075	0.00561463315151297
HS3ST1	0.915806076713055	1.06209361216184e-08	0.0789472434296123	0.00524654603929526
ATRN	0.919549995423098	9.92978226154983e-09	0.0738080413101729	0.00664182963620333
LEFTY2	0.902150348224456	1.21365061347923e-08	0.0902110925763831	0.00763842570256648
LRP12	0.914579702151315	1.06545300020259e-08	0.0791959914840012	0.00622417267802896
NAGLU	0.530446575440003	1.8311874335504e-08	0.13579059186697	0.333762743023818
NPTXR	0.922649193483514	9.7023211256885e-09	0.0721185809738012	0.00523209172270496
PRSS8	0.915195643972235	1.0261047561014e-08	0.0762686631189959	0.00853555953273825
BCHE	0.922900601332293	9.47860722488334e-09	0.0704541535729841	0.00664511146463831
SAA1	0.916721207585929	1.04260908790384e-08	0.0774982951894291	0.00578036347834408
SAA4	0.924269502077597	9.41195272825194e-09	0.0699595406065685	0.00577082356825524
CLSTN1	0.894475080320695	1.34188877621393e-08	0.0997457484543622	0.00577903747846644
PGAM2	0.921589255814909	9.82939867754334e-09	0.0730631176283025	0.00534749275231847
ADH1C	0.905023498207318	1.11592812843203e-08	0.0829423339837918	0.0120340349030142
GSS	0.902881242623164	1.23567354047734e-08	0.091850573752249	0.00526804980944019
DLD	0.91913744356055	1.00314077956431e-08	0.0745638348125418	0.00629858795025437
MDH2	0.907217890170976	1.1790356331906e-08	0.0876404274903108	0.00514154850656636
VIM	0.91766175413554	1.01703055809263e-08	0.0755959109200853	0.0067422013273374
KLK14	0.926061211081489	9.02258572637489e-09	0.0670640126085653	0.00687464271070595
PPP3R1	0.916457495324366	1.04811402054657e-08	0.0779076591382	0.00563471177156166
PHGDH	0.92402450877112	9.44398543168042e-09	0.0701976541398509	0.00577770334237494
ACHE	0.915770344238144	1.05173302880727e-08	0.0781762655741099	0.00605325647812272
AMY2B	0.887012828559485	1.39253647932239e-08	0.103507028483968	0.00948000970743915
ANTXR2	0.912544729259569	1.10182419861888e-08	0.0819003742441592	0.00555476271965495
TCN2	0.919839162317008	1.00212372419056e-08	0.0744888570557911	0.0056718468663191
MUC16	0.875319759949751	1.61012384135796e-08	0.1196862320109	0.00499387418735607
CNN1	0.856375101974052	1.6534850139521e-08	0.122893819610897	0.0207309466779417
CD247	0.916838067360231	1.00614164980658e-08	0.0747848310982788	0.00837696814414618
COL2A1	0.877042850171082	1.36110302876696e-08	0.10115805185281	0.0217989663825272
NCAN	0.920314204307431	1.00113402578514e-08	0.0744156880566102	0.00526997382107043
CCNA2	0.91471220453411	1.03180390346568e-08	0.0766922588457419	0.00859540325215904
EPHA7	0.914388265898231	1.05713348121389e-08	0.0785767355510643	0.00703486497299751
FANK1	0.891370384744641	1.29190687303143e-08	0.0960234337829827	0.0126060486433738
FCN1	0.894462629622424	1.3495749593924e-08	0.100317673101287	0.0052195634546262
FOLR2	0.923159305275379	9.57329870045059e-09	0.0711590219321401	0.00568153903290183
GC	0.91815774337222	1.01578714992896e-08	0.0755038840746873	0.0063382388817672
GPX1	0.903972668155904	1.10268735553962e-08	0.0819560220308118	0.0140711771811771
HTRA1	0.903963333125893	1.22006076267855e-08	0.0906898934334071	0.00534663963611574
HEXIM1	0.912387434620615	1.09866679638995e-08	0.081665271115596	0.00594716053990626
IL6R	0.917081435201184	1.01243607153737e-08	0.0752534493621494	0.00766498194364061
ITGA2	0.895533977308783	1.28134695660662e-08	0.095241826869685	0.00922406253802759
MAPK9	0.921108436291921	9.91594920743191e-09	0.0737066680762233	0.0051847618055159
KRT19	0.916932421981637	1.04748848213833e-08	0.0778615875584017	0.00520585663645624
PKLR	0.908405717537018	1.16441564667598e-08	0.086553727675357	0.00504042094188744
LIN7B	0.921489906131559	9.84127401826869e-09	0.0731513838594698	0.00535857620599041
PNLIP	0.903591772648447	1.17699315954266e-08	0.087484815094142	0.00892327893348536
LILRA2	0.924261246127832	9.51279662385896e-09	0.0707099225540383	0.0050286974708172
XCL2	0.912904488825966	1.09793151551368e-08	0.0816110756511136	0.00548430173683589
MOG	0.917075445043758	1.0158279678318e-08	0.0755058379966337	0.00741858343346823
NLGN1	0.901470917166545	1.05587621786145e-08	0.0784702509597128	0.0200587000462906
OPCML	0.921032565875682	9.82113305185418e-09	0.0730010549763432	0.00596624542665717
PDCD1	0.895854026723407	1.26977262969821e-08	0.0943808891964117	0.00976495086936566
HSPG2	0.915661235271394	1.06166149269377e-08	0.0789149439714274	0.00542368696294787
AKT1	0.918992902256662	1.0155550577183e-08	0.0754874498400791	0.00551951412190618
RBP4	0.9197589762567	9.76278809337956e-09	0.0725656290361378	0.00767526121551731
SLIT1	0.911959671861015	1.1083037314299e-08	0.0823819375668659	0.00565825680941111
SORCS1	0.917337261118797	1.00535982327301e-08	0.0747271542433326	0.00793545118119116
SORCS3	0.901029794805656	1.2301073697115e-08	0.0914345357316073	0.0075355359523141
TAGLN	0.911471138878332	1.12161564916778e-08	0.0833720025797352	0.0051567247118249
TMEFF1	0.921921430506879	9.69133998963617e-09	0.072036140674522	0.00604229510750219
BTD	0.924439805186046	9.47888005354952e-09	0.0704577244650717	0.00510233651146577
COL10A1	0.899198144372131	1.06917162947984e-08	0.0794573017085016	0.0213444222647005
BMP2	0.913048105993067	1.08195469092772e-08	0.0804223668086437	0.00652939355265235
BMP4	0.9134601511716	1.09394596868518e-08	0.08131506306801	0.00522465193941133
BMP8B	0.917599021083587	1.01624042535404e-08	0.075537053502165	0.00686379181355066
BRAF	0.904188868938404	1.1943701968706e-08	0.0887784567191732	0.00703254076440352
CD79A	0.867275646374303	1.69651727173534e-08	0.126106807389537	0.00661741260235252
CEBPB	0.901426631907291	1.08671564781543e-08	0.0807650015933743	0.0178082343694462
DKK2	0.911319398134807	1.12345966443375e-08	0.0835090658350511	0.00517140220200784
LMAN1	0.905220548394982	1.19355882907376e-08	0.0887191146860228	0.00606020321030486
NODAL	0.90463948018097	1.19270651947723e-08	0.0886551117675239	0.0067052744295063
TXLNA	0.909368993111338	1.13253240573113e-08	0.0841822258599396	0.00644864737223431
GPT	0.917048800948827	1.04421132961276e-08	0.0776178476297913	0.00533321761499239
CDH8	0.895272130565501	1.30949934413744e-08	0.0973364140237628	0.00739132188093326
FLT4	0.918242241113905	1.02886773385547e-08	0.0764773088956646	0.00528031617693265
SHC1	0.910673339765405	1.09240527394538e-08	0.0811976287233854	0.00812889808052844
OLR1	0.905376500445278	1.20155820934489e-08	0.0893145132348946	0.005308852510164
CFHR5	0.916720088717351	1.05318741108898e-08	0.0782854384103431	0.00499433902037546
IGF2R	0.90602092935897	9.56668031602321e-09	0.0710926182920754	0.0228863209015032
NID2	0.922041845224452	9.7570939728159e-09	0.0725255436305105	0.00543247735198827
WIF1	0.921778655436569	9.51602839639892e-09	0.0707314854430203	0.00748972560383216
TEC	0.911471591130593	1.07954980203362e-08	0.0802418383610239	0.00828643709887393
AKR1B10	0.906593777573713	1.18022437466798e-08	0.0877282582774901	0.0056778303887195
EPHA4	0.921499068108167	9.86155579547834e-09	0.0733023119038146	0.00519848616352345
GIP	0.91873300873127	9.97293815625033e-09	0.0741283511332215	0.00713850657173036
GHRH	0.911532168955407	1.12101390446135e-08	0.0833272872037869	0.00514041000850491
ROBO4	0.698413501480731	3.75088250182714e-08	0.278805289946283	0.0227810771113917
PLA2G2D	0.815441800598734	2.36750425549233e-08	0.175983780680993	0.00857428534944868
TIGIT	0.910222343305631	1.09627170129191e-08	0.0814848822691169	0.00829264101657653
BPIFA2	0.914449708224398	1.07858897181123e-08	0.0801733230552349	0.00537683491983979
LGR4	0.913733058911537	1.08641960672121e-08	0.0807552916063679	0.00551151569966736
UNC5D	0.922565799756846	9.60918651722072e-09	0.0714254729149525	0.00600859361257482
BTLA	0.898474109751861	1.25216378956194e-08	0.0930732192766696	0.00845253758428153
CDH6	0.916670709755081	1.01714929658707e-08	0.0756037543418884	0.00772540241812325
FLT1	0.916256804739898	1.0192259744668e-08	0.0757578678443749	0.00798519396573383
DSG3	0.882571342184015	1.48978285184269e-08	0.110738789127758	0.00668973506413887
ACVRL1	0.914751494560085	1.06048188555925e-08	0.0788262574915646	0.00642211428829765
CD320	0.918202632142426	9.94376287416417e-09	0.0739107238315805	0.00788651056273858
PACAP	0.928440393468871	8.87555809434751e-09	0.0659723458394555	0.00558712691940687
NRXN3	0.881338041975346	1.47271894730665e-08	0.109467811207798	0.00919401352931411
TLR1	0.888550615427184	1.25982185096369e-08	0.0936331303861881	0.0178161220577988
HMGA1	0.916284816140842	1.00878424051246e-08	0.0749809152936514	0.00873413521616305
STAT5B	0.921061787929111	9.83644202267647e-09	0.0731149999167166	0.0058230784136148
MYOC	0.8942042543175	1.28099579957515e-08	0.0952143658452136	0.0105812467361734
A1BG	0.91312162895055	1.06019099842621e-08	0.0788029807715876	0.00807525683997319
NUDT2	0.919253396567147	1.01321160788321e-08	0.0753133319868123	0.00543313765307987
B3GNT4	0.864648105096986	1.73190296599874e-08	0.128737264570131	0.00661449669868275
HSPA5	0.922486227976682	9.14052716195367e-09	0.0679380488814818	0.00957558990557327
CHIA	0.911922628234561	1.0530952838791e-08	0.0782737808627416	0.00980345769705824
FAIM	0.86871172385997	1.60642952916294e-08	0.119404719638059	0.0118834235758545
GLRX3	0.917032345950365	1.04867018281472e-08	0.0779496191934746	0.00501790100739692
GLRX5	0.916022146781614	1.05760007844022e-08	0.0786130910662846	0.00536462834993466
GPN1	0.902321874369192	1.24552930833512e-08	0.0925833920502694	0.00509459974208297
C1QTNF9	0.904435549075828	1.21494316683901e-08	0.0903095603428178	0.00525475676442032
AKR1B1	0.915977803361231	1.05878772199466e-08	0.0787014205054493	0.00532064232524136
GSN	0.919561036621978	1.00891070503847e-08	0.0749936051546971	0.0054452244319875
LRP10	0.910363263368216	1.10712001742113e-08	0.0822922581348686	0.00734434496079899
SDC3	0.908906286830722	1.15503452758982e-08	0.0858561696422076	0.00523740970780659
CDH17	0.909535454790233	1.1101429224043e-08	0.0825163670901016	0.00794804466467928
RSPO1	0.903366003188521	1.17254468840924e-08	0.0871535736043227	0.00948028995808686
ENO3	0.922725726723734	9.61076125912446e-09	0.0714373508249404	0.00583678871261108
CASP14	0.924500803169967	9.2641313780421e-09	0.068859817663965	0.00663924553519428
CD69	0.903479657401026	1.21871278288076e-08	0.0905891046551442	0.00593110421779024
APOA1BP	0.914756882779903	1.07036066641897e-08	0.0795613535335409	0.00568162992698968
BMP3	0.916565727059224	1.03174827379945e-08	0.0766899747609384	0.00674416456306321
GDF10	0.911142244494148	1.06391337309589e-08	0.0790779852854608	0.00977963701155035
NPPB	0.913829748103304	1.08090167145144e-08	0.0803447929279303	0.00582532522851009
COL6A2	0.899577714081373	1.28008179967118e-08	0.0951517329742338	0.0052704191295654
CASK	0.910387658082232	1.12876900736557e-08	0.0839032070476873	0.00570900111419158
GDF3	0.912091825488599	1.07240443123507e-08	0.0797107645337799	0.00819727655612871
GDF7	0.918485190136189	1.01316585893574e-08	0.0753091587831969	0.00620551739145234
IL26	0.926970018502855	8.87790341181022e-09	0.0659883257504981	0.00704152216983414
LECT2	0.907975589700631	1.15898181192048e-08	0.0861489596616825	0.00587531690414969
JUP	0.906288459973081	1.17441781993335e-08	0.087295880706761	0.00641552565921916
RAC3	0.913718291452157	1.07594928774385e-08	0.0799761691918241	0.00630540568028194
REG1B	0.916407399040415	1.0517959439003e-08	0.0781815848460458	0.00541088231758656
ENGASE	0.915956552211983	1.05972786551401e-08	0.0787713563177107	0.00527195765568544
DEFA5	0.908712658440405	1.15892185293845e-08	0.0861452358563538	0.00514197187115103
SIGLEC5	0.925880092041744	9.26769888594739e-09	0.0688877445415329	0.00523202959673461
OCIAD1	0.913008125566751	1.04296503035883e-08	0.0775210644488392	0.00947067673404799
CALB2	0.917627876519333	1.0360371149138e-08	0.0770101752276567	0.0053618144504638
PDE5A	0.9081236440646	1.15981801912567e-08	0.0862113309366657	0.0056648912369177
NME4	0.911247798963196	1.1263680614752e-08	0.0837254110983581	0.00502665609085867
GDI1	0.914867888932486	1.02922767804972e-08	0.0765007149977258	0.0086312627066189
APOL3	0.926658302387498	9.15269522363207e-09	0.068032768980934	0.00530879482189756
ATXN3	0.910771380227779	1.1331397237169e-08	0.0842288208318362	0.00499966508916987
COL6A1	0.925509669661763	9.30332614926022e-09	0.0691524800246804	0.00533771650777141
DOK1	0.917448988876833	1.0322475527152e-08	0.0767280107850816	0.005822866597499
CFHR3	0.911943426020368	1.11393983014869e-08	0.0828013094377967	0.00525513072495239
CFLAR	0.832448328642114	2.18735085984906e-08	0.162595397404966	0.00495614009585757
MPZL1	0.868463418348866	1.41104025964669e-08	0.104865346585573	0.0266711041267404
RGS5	0.910786519572808	1.0906368553925e-08	0.0810661521007947	0.00814719489817493
SCO2	0.896187167458079	1.31322493816159e-08	0.097614555412302	0.00619814343946667
PDZK1	0.912227629478328	1.07445051045853e-08	0.0798631514168687	0.00790908564458156
LSM4	0.917810195152411	1.01941527248754e-08	0.0757735086581049	0.00641616252863165
RAB2A	0.909359061801233	1.15159928163587e-08	0.0856010025453044	0.00503980180764149
SH3GLB1	0.92070283469382	9.94198225373565e-09	0.0738999767501417	0.005397054758228
NANP	0.921929988412827	9.66678293298368e-09	0.0718534175562575	0.00621646034322372
TAF15	0.911059940643353	1.11090343193474e-08	0.0825744834296382	0.00636544225934008
GSTZ1	0.927371932947645	8.92427311550668e-09	0.0663337699913993	0.00629416338370673
MAGOHB	0.91191013143713	1.10226951412664e-08	0.0819328754141819	0.00615685945298748
MSRB2	0.910610819623732	1.12382311089712e-08	0.0835354009871737	0.00585364565264568
PHPT1	0.895614521063948	1.33432981143799e-08	0.0991844183831355	0.00520092672874841
RAB4A	0.910462369020838	1.0862749577789e-08	0.0807412541595848	0.00879624347857997
MAPRE3	0.914075487871223	1.06884457422458e-08	0.079447857414936	0.00647652106109929
PTRH2	0.896774268056286	1.3215564970138e-08	0.0982351033048182	0.00499049478644871
ADAMTSL1	0.922462365624687	9.59787723586018e-09	0.0713412158052251	0.00619628487968516
ENPP2	0.91903120351597	1.01431292440171e-08	0.0753950597112307	0.00557360299871473
OSBPL9	0.902116587029922	1.21509986217631e-08	0.0903188989267976	0.00756438053673391
MDGA1	0.928963916949278	8.70558688244474e-09	0.0647080959221813	0.00632785345581967
LAMP1	0.90587527552529	1.18513860567026e-08	0.0880932122403927	0.00603137852175331
CADM2	0.917141349704212	1.01573279708828e-08	0.0754988222104701	0.00735969455126309
RNASET2	0.917300768159884	1.02783719132455e-08	0.0763996827083578	0.00629941545521459
CD14	0.885503318099624	1.46227252254902e-08	0.108694651016072	0.00580189714090005
SEMA4A	0.91727233598976	1.04021290914917e-08	0.0773205446459246	0.00540698556784104
TLR3	0.927939345926196	8.95116838338261e-09	0.0665344685369409	0.00552605175638823
DBI	0.915629457860491	1.05815599301531e-08	0.0786540641822687	0.00571634420233901
PLXNB3	0.9089893282501	1.14547037428438e-08	0.0851445738911844	0.00586596412392117
PFN2	0.906594719486794	1.18647987884048e-08	0.0881937379755994	0.00521140871484807
ALPL	0.907321339060161	1.17439117291109e-08	0.0872949317864775	0.00538359535374296
SULT1E1	0.90631465249231	1.14411853071176e-08	0.0850413044117822	0.00864390973443852
HBB	0.909497440479597	1.12737488040893e-08	0.0837985774611025	0.00670384843710877
GSTA1	0.90673184035572	1.18343273174235e-08	0.0879671337594853	0.00530089207406171
PDGFD	0.910978618603761	1.09057593237837e-08	0.0810618110455089	0.00795943689727385
HSPE1	0.906175632488237	1.18798530479549e-08	0.0883053388242863	0.00551889490604091
IRF3	0.920197654584448	9.97551864360337e-09	0.0741490189277413	0.00565319272442294
KIR2DS4	0.911620531880943	1.05326566378529e-08	0.0782861566149766	0.0100931783373769
KIR2DL3	0.928054296332614	8.96001516513637e-09	0.0666004134515528	0.00534515641104849
PTGES3	0.90783178918601	1.14232830976914e-08	0.0849096108124929	0.00725846645383955
VPS28	0.915136826555978	1.0072741073815e-08	0.0748673955335276	0.00999564473068356
UBE2G1	0.887942243578568	1.39252022417842e-08	0.103506749266812	0.00855087378064743
DDOST	0.906495728181916	1.17377514360206e-08	0.0872482659493701	0.00625587218631875
ANXA3	0.917360022256486	1.04074540857339e-08	0.0773602562716001	0.00527958765831853
PPBP	0.916123644271738	1.05689612318919e-08	0.0785608106023331	0.00531541131714616
FGF8	0.909977388676266	1.13887806777087e-08	0.0846550223631617	0.00536745515878406
CALCB	0.918978215144203	1.00233981522016e-08	0.0745040748112982	0.00651757639727354
STATH	0.901600968038177	1.21765273740839e-08	0.0905083449677232	0.00789055353138731
MAP2K6	0.910991674718621	1.12125773715125e-08	0.0833448900196575	0.00566330149969164
PSIP1	0.918711895184742	1.01798459484949e-08	0.0756679530078148	0.00562001803959698
BAG1	0.920316997035741	9.95624637224786e-09	0.0740057313574938	0.00567713784659584
CLPP	0.912630498297273	1.09942018145152e-08	0.0817215746107307	0.00564779332788247
HIF1AN	0.910776016951401	1.08667051378085e-08	0.0807710018666412	0.00845284779481133
KIR2DL1	0.909754596760931	1.10778404527565e-08	0.0823410598816841	0.00790420989650895
PNMT	0.901445360196956	1.25505811291312e-08	0.0932915631975546	0.00526294278965691
RAB5A	0.911963545734304	1.10708898518981e-08	0.0822915508778149	0.00574476963680025
SULT2B1	0.918788341391654	9.86931845774954e-09	0.0733573612634092	0.0078541638773351
TCL1A	0.918524466094497	1.01687509136433e-08	0.0755852060502235	0.00589019412374265
OGN	0.916397591411609	9.70073117405725e-09	0.0721004921129064	0.0115017834980794
LCP1	0.918316703244185	1.01067826430783e-08	0.0751238855510739	0.00655927756312037
SELH	0.910583888523918	1.12745995029534e-08	0.0838059951380516	0.00560998256883492
AASDHPPT	0.917962833683805	1.03224387497595e-08	0.0767282514798063	0.00530878102671633
GUK1	0.913006264309567	1.09916333154618e-08	0.0817028382767979	0.00529076360154131
DUSP23	0.91405404999371	1.08353825334864e-08	0.0805412083329686	0.00540460787652729
CNPY3	0.91834336727981	9.58885536729971e-09	0.0712699599944267	0.0103865395984835
BDH2	0.901582874209313	1.17987766642975e-08	0.087697443426748	0.0107195492814113
KREMEN1	0.923311383254437	9.14812771126929e-09	0.0679954313631295	0.00869305202756715
ACADM	0.910093233286979	1.12932391098511e-08	0.0839442032998896	0.00596242969130132
VAMP2	0.911808355924929	1.10602571850334e-08	0.0822122767214185	0.00597923363408094
CREB3L2	0.894666674945607	1.34796611296563e-08	0.100198161367734	0.00513502985363461
YY1	0.915634609284763	1.06215800471758e-08	0.0789518633094577	0.00541339361016581
ACAT2	0.903008149047207	1.22853184620469e-08	0.0913192796774073	0.00567243751458342
AGR3	0.909962619432029	1.13972405468447e-08	0.0847179583700901	0.00531928838961982
SNPH	0.792795853918432	2.52440731410686e-08	0.187636436449819	0.0195675777382955
STOML1	0.900325629904945	1.23477985679726e-08	0.0917815156226566	0.00789272100997794
ZADH2	0.911991417617261	1.09744175070467e-08	0.0815737177425928	0.00643473098178687
FDCSP	0.816405688904691	2.40608029770736e-08	0.17885523008959	0.00473894711946474
AIDA	0.909710746821076	1.13977759783263e-08	0.0847216904482352	0.00556742895577539
SYNJ2BP	0.903728153544954	1.16374558307514e-08	0.0864991852793696	0.00977252796587935
SYT4	0.903270274415622	1.12753992788112e-08	0.0838046254197111	0.0129249673785219
IL1F10	0.914173438523477	1.0583712538973e-08	0.0786686244976925	0.00715780341764446
VHL	0.909416245602109	1.15348468623155e-08	0.0857413547586129	0.0048422657669105
SNRPB2	0.913985920919757	1.01698431977359e-08	0.075588790764094	0.0104251551940586
CCBL1	0.913996473985155	1.0508881052095e-08	0.0781116182594823	0.00789177429281474
STMN1	0.914682524476529	1.07428046018693e-08	0.0798529551469839	0.00546438658772642
ABHD10	0.909025381852328	1.15244867047377e-08	0.08566387246308	0.00531061187516498
EIF4EBP1	0.915466219198113	1.06244815417428e-08	0.0789732850821548	0.00556036194386866
AKR1C3	0.868437388147353	1.67948345372381e-08	0.124840465679786	0.00672201255310969
UBE2K	0.919733261565757	1.00510512558993e-08	0.0747106003155238	0.00555600434227027
STARD5	0.918922232857683	1.01767618399499e-08	0.0756452143745597	0.00543241897470025
PFKM	0.918522200369021	1.02263632989281e-08	0.0760139037023327	0.00546376213980128
NFKBIB	0.916468237590887	1.04676790877553e-08	0.0778075042747757	0.00572412438048099
RBM17	0.921280895043333	9.57845980351163e-09	0.0711955459611821	0.00752342548343459
ACADS	0.913439507217375	1.06288690771691e-08	0.0790039044614811	0.00755645481353295
HSD17B11	0.912285497197933	1.11075115203432e-08	0.0825643789028996	0.00514999006815532
ACOT8	0.910378392783131	1.12572897207573e-08	0.0836769854961136	0.00594448799651342
ACADSB	0.909226897529064	1.13279863949163e-08	0.084201894360935	0.00657107446996543
ARL5B	0.920249952416251	1.00048108290016e-08	0.0743670375620507	0.00538287622198251
PMM1	0.88040790426814	1.44848612462633e-08	0.107663689888128	0.011928272923643
CETN3	0.902981957030479	1.20520951783649e-08	0.089583814063868	0.00743409538159752
UFD1L	0.91551650467531	1.06088136269974e-08	0.0788567487887926	0.00562661276893717
NLGN3	0.917104066994152	1.00731150706301e-08	0.0748721476937378	0.00802365186728493
AK4	0.905168425617001	1.06863257850381e-08	0.0794231666072087	0.0154082753233747
ETFA	0.916785338335407	9.73292313255608e-09	0.0723404240538877	0.010874104548948
SFRP4	0.913048095527175	1.09140056058321e-08	0.081125244060858	0.00582652667187264
CD9	0.905043297391623	1.03219057730829e-08	0.0767113530728578	0.0182452174643561
BCL2L11	0.918292652182447	1.00403877436709e-08	0.0746298099290235	0.00707740431653935
CP	0.914750664266193	9.52366971178069e-09	0.0707813102608121	0.0144678928942015
EGFL6	0.897570903037871	1.30777832168889e-08	0.0972106519767219	0.00521831116357643
FOLR1	0.913093644965308	1.07474598646517e-08	0.0798860049849974	0.00702021647001957
MX1	0.913344473188306	1.08447033982189e-08	0.0806098555970494	0.00604553750398351
IRF1	0.922694466850189	9.66071322913257e-09	0.0718090174845781	0.00549638188077201
ACSF2	0.900697122454498	1.25160350775734e-08	0.093033753346651	0.00626899051821937
DHRS9	0.908676079011495	1.15966780564952e-08	0.0862007063792737	0.00512308077460186
YEATS4	0.894428173915957	1.35066611308226e-08	0.100398832524052	0.00517285973205137
PBK	0.911507958682492	1.06775904121507e-08	0.0793645116431704	0.00912739637784388
SIRT3	0.912994560254536	1.03710522259524e-08	0.0770850163076473	0.00992029024787758
NAALADL1	0.908469938471689	1.14835514269903e-08	0.0853587126841962	0.0061712151503436
HPD	0.903530597288921	1.22801031902648e-08	0.0912809952536273	0.00518827363158423
SRP14	0.917500829469653	1.03854967866344e-08	0.0771970106090183	0.00530202611074735
RPP30	0.922198185539674	9.69723971290771e-09	0.0720803181784174	0.0057213625276823
NMI	0.914517407096486	1.07077820578772e-08	0.0795921833690642	0.00589027580292354
ANXA11	0.917631536693516	1.03627922723569e-08	0.0770281947282867	0.00534013477273761
RAB21	0.890726395876615	1.4015845359454e-08	0.104184021338585	0.00508944894565206
RAB3A	0.905391405098042	1.18255575024818e-08	0.087900534851425	0.00670792642888918
ING4	0.923515744246011	9.44650704895978e-09	0.070215908489827	0.00626821358342597
GIF	0.723576345031284	2.32205249561378e-08	0.172509709195943	0.103913825214494
CA5B	0.913850112573599	1.04543782732492e-08	0.0777059107455006	0.00844384329254382
TRIP10	0.919309162288385	1.01160973173847e-08	0.0751941904913502	0.00549651343582037
CD160	0.516805170945613	6.45413386142644e-08	0.479775324386816	0.00341937060398358
EPHB1	0.851269679495641	1.81266249137813e-08	0.134733275400446	0.0139969124618262
CD46	0.903833233331082	1.20280544487759e-08	0.0894057765525705	0.00676085650181673
COMMD9	0.912215952420854	1.09967703705189e-08	0.0817402725497477	0.00604364131848292
APOA4	0.920100397110219	1.00167030774005e-08	0.0744553793491398	0.00544408974915114
TBCB	0.919823798415605	1.00709689949952e-08	0.0748589009696737	0.00531716680617654
TPP1	0.794301975780672	2.67706492285377e-08	0.198997360001853	0.00670053059483742
BTN3A3	0.915071136037199	9.81265742010748e-09	0.0729320194960745	0.011996711555835
SEPT6	0.906913796192782	1.18356832072488e-08	0.0879774052186764	0.00510866475197622
PSME2	0.913468973856097	9.67418027780948e-09	0.0718999925050152	0.0146309010820016
TICAM2	0.914037605600648	1.00902106415056e-08	0.0749962881335236	0.0109659732164181
OVCA2	0.92220303120207	9.7485808927107e-09	0.0724623582383865	0.00533447675332391
WBP2	0.925811512460951	9.20579546485003e-09	0.0684270459168179	0.00576130787337185
UGT1A1	0.902129343765019	1.23542921724288e-08	0.091831640747478	0.00603888177594697
GMNN	0.910431007838596	1.13390842843936e-08	0.0842856802591563	0.00528317808913412
HSPH1	0.912282335741055	1.10718439320998e-08	0.0822989693997863	0.00541856106423934
PPP1R1A	0.917361872214588	1.0208921473775e-08	0.0758829557263	0.00675503844379907
TPD52L1	0.870226874230504	1.66280524782905e-08	0.123601213820708	0.0061717782550917
VAMP1	0.90619291500161	1.14485779754584e-08	0.0850961921881285	0.00871075945777582
IDI1	0.920898224249701	9.87068350245159e-09	0.0733696307021552	0.00573201129534813
GAS7	0.915421985691479	1.02593888419675e-08	0.0762565469815017	0.00832133392219782
WWOX	0.909315414320079	1.14867929845846e-08	0.0853836797831995	0.0053007720859719
USH1C	0.891477403761314	1.37157355884128e-08	0.101951624197598	0.0065708384010205
PTTG1	0.895413804280717	1.32988578612891e-08	0.0988535327896178	0.00573252917693964
UBE2S	0.917702148196868	1.02349333401713e-08	0.0760768534225667	0.00622086469346551
ENSA	0.910386608304289	1.13031125211594e-08	0.0840179660780447	0.0055952918464967
GABARAP	0.923290759110784	9.56053332902403e-09	0.0710641650236362	0.00564494210108281
IVD	0.907115572046251	1.1795721594593e-08	0.0876802485631785	0.00520404556682234
CRNN	0.84272143522484	2.01165285755683e-08	0.149531804550357	0.00774662674274825
HADH	0.912862806853011	1.10158483795665e-08	0.0818828815573379	0.00525417777264043
RRAS	0.906029023938043	1.19414540871175e-08	0.0887635719891239	0.00520727024951932
UBE2A	0.90130539665349	1.2253988106151e-08	0.0910844426915676	0.00761002715453077
RAB11A	0.914902962050354	1.06453889682271e-08	0.0791282956574666	0.00596860857118059
FIS1	0.912969708451383	1.09408030697214e-08	0.0813245683898876	0.00570558940238354
TRAF1	0.915981277924656	1.04493645743946e-08	0.0776707365750842	0.00634785183022535
TP53I3	0.913682727529467	1.07019945674649e-08	0.079548282518785	0.0067688563382925
RRM2	0.913407953558166	9.89326347943556e-09	0.0735301529561778	0.0130617607178944
ARG2	0.914509465427209	1.0503889348031e-08	0.0780749879607337	0.00741541308549234
UGDH	0.912404995134148	1.10770676654479e-08	0.0823379625404588	0.0052569085087501
DCTD	0.899118372596365	1.28515459408649e-08	0.0955287452302888	0.00535274836958126
CAB39	0.918964975172197	1.01775894126853e-08	0.0756514152168912	0.00538347581127729
DCXR	0.909275274259314	1.09172893261951e-08	0.0811459019768731	0.00957869052796629
WDR5	0.911670213214836	1.11336505350253e-08	0.0827582662065482	0.00557138680423385
NUDT5	0.913606201506936	1.08775935316425e-08	0.0808548565875438	0.00553880812675978
RHOC	0.914866144702541	1.07318332005201e-08	0.0797714995802928	0.00536222191467628
SNUPN	0.914767710109566	1.07391544866572e-08	0.0798258795202549	0.00540627657360789
HAO1	0.919799247996942	9.48157403523284e-09	0.0704731254678612	0.00972749331934851
PCNP	0.921720548199884	9.78440905674942e-09	0.07272847647251	0.00555084155046299
EMC8	0.923408676227711	9.56694580304529e-09	0.0711119989637608	0.00547919102175734
CRCP	0.916210297960075	1.04513781177295e-08	0.077685948815688	0.00610361952138078
UBD	0.908187106867965	1.14271947883642e-08	0.0849390737945173	0.00687368573815034
SNRPD3	0.91770711103749	1.03308763914519e-08	0.0767907808953208	0.00550197428347997
TAGLN3	0.894629406815939	1.34646859003122e-08	0.10008669177926	0.00528376759176695
PECR	0.9096165204843	1.07038214951005e-08	0.0795578066048277	0.0108255398425889
SDSL	0.914368971947683	1.05194552606979e-08	0.0781906749474097	0.00744021958167632
RAB32	0.915861269930273	1.0453321793487e-08	0.0777000625374062	0.00643853387447361
MAP1LC3A	0.921153461678453	9.80735154470146e-09	0.0728986263246309	0.00594777827311707
ACAA1	0.900460133378343	1.23014186921981e-08	0.0914365326451799	0.00810320054234224
MMAB	0.907627719576665	1.11825717411638e-08	0.0831182475924455	0.00925389955139581
GMFB	0.91023549892196	1.12005674400771e-08	0.0832547659026466	0.00650960152709768
RCL	0.912687627976999	1.10507105185287e-08	0.0821421191073378	0.00517011908735519
GGPS1	0.911947882889844	1.03697087725399e-08	0.0770739718019021	0.0109780122604612
ECHS1	0.902612976636103	1.19390480214144e-08	0.0887422487296886	0.0086446412728379
QPRT	0.918533958814761	9.72934295273079e-09	0.072315533924021	0.00915037396781136
HPCAL1	0.919138289766599	1.01742843871149e-08	0.0756269956562804	0.0052345807574768
ALDH5A1	0.90684552700377	1.09990233922802e-08	0.0817516617236756	0.0114026782818314
DIRAS1	0.912098654348487	1.10170425337505e-08	0.0818910024688018	0.00601020946730202
PMM2	0.915884352641009	1.05003021716302e-08	0.0780496716611772	0.0060658419898803
LSM1	0.919751657321262	1.00619127247973e-08	0.074791440081316	0.00545676880763676
IMPA1	0.913599984878526	1.02409391972321e-08	0.0761174373770957	0.0102824446031092
CUL1	0.916437540066084	1.03610475172099e-08	0.0770140166266702	0.00654830966415207
NANS	0.905813623871887	1.18292081060731e-08	0.0879281220246238	0.00625812042139777
PNPO	0.914394845829587	1.06856017684157e-08	0.0794270147792044	0.00617800569835002
SDCBP	0.918224982028371	1.02092359493944e-08	0.0758861597469185	0.00588872449297462
NIT2	0.925624648919519	9.04374777810099e-09	0.0672210446993566	0.00715417281945041
SULT1C2	0.910592916190732	1.06502104983652e-08	0.0791598588180499	0.0102470918451974
PTP4A1	0.92175889875982	9.79841136511677e-09	0.0728327075354642	0.00540825990841179
BPHL	0.90148079033116	1.22566514919838e-08	0.0911044367996488	0.00741463934252227
NCALD	0.915916720883876	1.05887213577465e-08	0.0787076406814636	0.00537550463395459
DDIT4	0.915940639737753	1.05037136127962e-08	0.0780751129031683	0.00598411364016364
FAHD1	0.915743175510727	1.05057174149664e-08	0.0780898257474919	0.00616686504742525
MLF1	0.92165898077195	9.78518873383703e-09	0.0727342165040343	0.00560666895437557
NMT2	0.916498075666395	1.05140429250837e-08	0.0781525324145368	0.00534925811483512
RERG	0.904932070378844	1.09540563062274e-08	0.0814151414552203	0.0136526554775843
SNRPD2	0.904572640043758	1.18663130378103e-08	0.0882029815635445	0.00722424484044071
DYNLRB2	0.892137575401109	1.26647672004237e-08	0.0941319168622065	0.0137303750587773
S100A14	0.853740029894764	1.87561494336224e-08	0.139420107498907	0.00683972900239755
TREX2	0.890317106251406	1.39331615453596e-08	0.103568352536135	0.0061144075110529
IDI2	0.919058449984284	1.01858145994314e-08	0.0757127132794822	0.00522870291579986
ANXA13	0.91613430299595	1.05857995060817e-08	0.0786861166706968	0.00517944650629976
S100A16	0.924475006115924	9.26705605084468e-09	0.0688815546441799	0.00664330560956763
CLIC2	0.893396323900969	1.36437244799727e-08	0.101417702679904	0.00518583959293254
PPCS	0.918274494655843	1.02930448981373e-08	0.0765098406594282	0.00521553086252315
DRG1	0.912673402469243	1.1043855183672e-08	0.0820910935877939	0.0052353701234244
KLF4	0.898149988579344	1.28551187676054e-08	0.0955543616626508	0.00629551608093772
NAA10	0.911374572148371	1.12008832008172e-08	0.0832582557256756	0.00536703832410941
RGS4	0.920812537778602	9.69195577598902e-09	0.0720396128037473	0.00714771585510907
NT5M	0.907998237711418	1.15956889937407e-08	0.0861926681376328	0.0058089604084943
ACADL	0.920715133383098	9.92218688707006e-09	0.0737526896208239	0.00553204321641002
ATG3	0.869156615761622	1.69322156689685e-08	0.125863453320496	0.00497979706399786
CASP8	0.913152180606699	1.09780902604802e-08	0.0816022090187343	0.00524547655638612
PCMT1	0.908471320896476	1.15975922400586e-08	0.0862073039538278	0.00532124134169786
IRAK4	0.914233759875933	1.08378259783029e-08	0.0805595701569522	0.00520653614370076
UBE2V2	0.920527451505691	9.98118867755869e-09	0.0741915403838617	0.00528087429702418
RHOB	0.905599532113822	1.14578906251855e-08	0.0851648946337194	0.00923543997048345
PYCR1	0.894867123027581	1.34227152567642e-08	0.0997746216863821	0.00535812148299448
ASF1A	0.881241570885909	1.50752530682826e-08	0.112057693074836	0.00670060241662636
AKR7A3	0.920069893602951	9.97717893044426e-09	0.0741612454107916	0.00576872723839533
PDCD6IP	0.91163561219159	1.11232010256794e-08	0.0826804756543476	0.00568377839478503
VAT1	0.872916640453525	1.59468744223682e-08	0.11853518751892	0.00854803865320186
NAE1	0.921172777138649	9.94941755675013e-09	0.0739557740479416	0.00487131494494617
SARS	0.903621420651078	1.17456168531152e-08	0.0873039161740132	0.00907452987130963
SMS	0.909987151548017	1.14137839354849e-08	0.0848410840508247	0.00517163057305439
TSSC4	0.913904134345509	1.07895988012037e-08	0.0802003766191036	0.00589535530454338
PCK1	0.905255748491666	1.11504446228105e-08	0.0828768119232829	0.0118673066567688
LDLRAP1	0.920941247270468	9.95062087696917e-09	0.0739644963207161	0.00509412257029563
GMPS	0.915173090895255	1.06281470187362e-08	0.0790002668666931	0.00582650849795511
ALDOB	0.909820899406823	1.09428499376447e-08	0.0813366473915714	0.00884231986680016
TARS	0.919247796777277	1.01503749292048e-08	0.0754491924396828	0.00530287697257483
ASPA	0.922721855882496	9.6793892299147e-09	0.0719480150201039	0.00532999529057902
GATM	0.900671097691167	1.26204031932306e-08	0.0938103416057995	0.00551842692153359
VPS25	0.911983455342295	1.09031377945499e-08	0.0810433098088446	0.00697310126285317
RANBP1	0.909664955497535	1.14330724866489e-08	0.0849842897041849	0.00535062099423051
MAGEA5	0.904153508878212	1.14372654323416e-08	0.0850099728971623	0.0108363851577998
MORF4L1	0.918892387332083	9.87667470011933e-09	0.0734122039996807	0.00769527517927984
FABP9	0.911469387166011	9.80981463935233e-09	0.0729072607057517	0.0156232197047081
ORAOV1	0.901036750756069	1.13168019378709e-08	0.0841104712737483	0.0148526454430963
CKMT2	0.877350338618165	1.56398474050101e-08	0.116255004785495	0.0063945229325771
HBQ1	0.855208509159803	1.87773872220117e-08	0.139579610102942	0.00521174691454254
CD37	0.915304403956087	9.95496409146049e-09	0.07399117215766	0.0107042908016756
TCEA1	0.913483565639313	1.0883842164591e-08	0.0809012305749138	0.00561507001726219
MAGEA6	0.90756410027462	1.14859240338996e-08	0.0853754607608765	0.00706030539021432
ADH6	0.913822855069006	1.08891578311372e-08	0.0809411246472572	0.00523588646426696
CCNB2	0.90011909846304	1.08788565607047e-08	0.0808507543164028	0.0190300152548613
SPIN1	0.919647375070488	9.79880223813e-09	0.0728335024257453	0.00751898899112099
UBE2F	0.912270532972916	1.09987957856357e-08	0.0817553985154293	0.00597393479136979
GCLM	0.916488428461661	1.05067879091738e-08	0.0780985374084203	0.00541290033423895
THG1L	0.869009699668656	1.68074792887472e-08	0.124935129512505	0.00605503710945439
IL11RA	0.9232192300405	9.09687410880634e-09	0.0676139555805551	0.00916668108772955
CNRIP1	0.884453705624121	1.48498545841474e-08	0.110383694200285	0.00516246634625859
SRA1	0.920584855129691	1.00015379702375e-08	0.0743430191079764	0.00507199192083805
SH3GLB2	0.911697341929876	1.11219786018191e-08	0.0826714412592131	0.00563108304455241
HEBP1	0.910458382522987	1.13027316621839e-08	0.0840152039117526	0.00552627978481751
CDK2AP2	0.912833014660526	1.06231641393946e-08	0.0789608463096636	0.00820600560949125
NOP16	0.916812933021823	1.04949742616923e-08	0.0780109556235666	0.00517597752709017
PRND	0.920357336982734	9.98927040307326e-09	0.0742515070828629	0.00539102213578154
PIP4K2B	0.918088314955699	1.03318743012073e-08	0.0767985880340846	0.00511296317422836
HSPC159	0.910686109161512	1.13023727707395e-08	0.0840127613167587	0.00530099571101056
NRIP3	0.893080362133736	1.26924961639712e-08	0.0943391947759516	0.0125803102578493
OMP	0.917786238811194	1.03041136291874e-08	0.0765917155262321	0.00562191189498167
CPOX	0.923100785123159	9.41144692787446e-09	0.0699546070048696	0.00694447428211638
SPA17	0.908684981734807	9.93983533054039e-09	0.0738719713805887	0.0174429147056195
CMPK1	0.898668761608229	1.15507666778054e-08	0.0858490575644908	0.0154820483847782
CYB5R1	0.897845091771022	1.12132833982828e-08	0.0833369838958987	0.0188177923388626
SRP19	0.908824149357952	1.1468928828074e-08	0.085250258927386	0.00592545798786322
MEOX2	0.919317318768794	1.00295058787469e-08	0.0745498625008097	0.00613268503144755
NATD1	0.902790347074011	1.23495973295917e-08	0.0917973675849122	0.00541215154529504
CCDC25	0.919986571308093	9.78081937257699e-09	0.0727000295358563	0.00731326561575847
ZNF34	0.920734551721334	9.72716368360287e-09	0.0723015205453828	0.00696379414602459
CARD17	0.908392193388207	1.16019403950132e-08	0.0862395798331209	0.00536809297696982
TAF10	0.896676249880165	1.1331547052998e-08	0.0842158263859562	0.0191077917786354
OXSM	0.907675353224773	1.13584391492247e-08	0.08442694346482	0.00789756984863818
GAGE2D	0.912818195010168	1.09744993736896e-08	0.0815751545261463	0.00560651669402583
SERF2	0.909772365324055	1.00968681873858e-08	0.0750415581340306	0.0151859440596186
CRIP1	0.910053494837307	1.10364353560875e-08	0.0820332593267301	0.00791311237628203
TCL1B	0.905760890324193	1.15195883121338e-08	0.0856241552401432	0.0086148210702852
TRIAP1	0.908703156974116	1.15805432260503e-08	0.0860806724855086	0.0052160367182384
DTD2	0.918613043176379	1.02145241088419e-08	0.0759258979565448	0.00546092507784965
GNG11	0.912800217628938	1.04177022507049e-08	0.0774319495935005	0.00976769956711672
WWC1	0.921196349077712	9.87268961431798e-09	0.0733848568183825	0.0054186603089993
SVIP	0.899687364259402	1.05053201888431e-08	0.078070798060132	0.0222417061463849
ZWINT	0.915359863578231	1.06731646214185e-08	0.0793354346222034	0.0053045679893269
CDKN1A	0.917290293814232	1.03773495026814e-08	0.0771361750514048	0.00557339736025142
SOX2	0.814356542711665	2.42644421056824e-08	0.180368479425529	0.00527484404857136
GRHPR	0.846686658152826	1.54498203647628e-08	0.114810298878127	0.0385029136202864
MRAS	0.909111237930402	1.10492937314134e-08	0.0821279966724	0.00876063205141397
CAPNS1	0.902226926432134	1.23337363331124e-08	0.091678780229197	0.00609415963454223
PURB	0.918618277770706	1.0274466378535e-08	0.0763719400355269	0.0050096483438948
NAIF1	0.915414298699487	1.01811228300462e-08	0.0756741535221636	0.00891141445282938
ZWILCH	0.911277465530579	1.08405150935162e-08	0.0805766208968366	0.00814578014417147
NRGN	0.905899936718045	1.13280012000944e-08	0.0841986742362982	0.00990125585316071
BCCIP	0.910404861603407	1.09951117012223e-08	0.0817261173101653	0.00786888762080313
PALM	0.912237120343633	1.03881451760933e-08	0.0772114485793933	0.0105512979718341
PPA2	0.915313531719059	1.06227361838709e-08	0.0789601448472378	0.00572618968012471
STXBP6	0.907099026321679	1.14983059215465e-08	0.0854671301714485	0.0074337099827669
CS	0.908274470991201	1.1590627463951e-08	0.0861552812630038	0.00557011397124145
SEPW1	0.895143472031705	1.31850904017745e-08	0.0980067063539336	0.00684968801176812
DCTN6	0.898550568844106	1.29424609976702e-08	0.0962046855184369	0.00524461181916112
NDRG3	0.928435306138246	8.88706246215935e-09	0.0660579459782224	0.00550661410044529
ASRGL1	0.916556393195306	1.04895273850344e-08	0.0779701680351952	0.00547330498193595
SEPT3	0.913687419879224	1.04330194266535e-08	0.0775468144282473	0.00876563234741699
ZFAND5	0.894192417296638	1.33996874342984e-08	0.0996025938155639	0.00620485519854686
SH3GL3	0.912049946820961	1.10929590436404e-08	0.0824558565812847	0.005494062812981
PDHX	0.900364296116569	1.27120938436701e-08	0.0944923144325998	0.00514325561891386
MTHFD2	0.889368837735902	1.41588700338849e-08	0.105246924319164	0.00538410414538334
JMJD6	0.917867009060021	1.02783774802583e-08	0.0764002909408792	0.00573256624637916
CRMP1	0.924059581897545	9.46527507785411e-09	0.0703561077820317	0.00558417654776106
MAGEA8	0.917178602415985	9.97161334545649e-09	0.0741169371119396	0.00870432711872491
SNX5	0.9134233565732	1.09494691957141e-08	0.0813895080624597	0.00518700153830081
PYCR2	0.90116535989595	1.10513004423065e-08	0.0821349749898212	0.0166995328353422
PGM2	0.915561076375824	1.06110843853546e-08	0.0788736903608908	0.00556509948805877
CPLX1	0.920424515493321	9.99687399697413e-09	0.0743081534839901	0.00526719720742793
GMDS	0.89727995013191	1.31168916266194e-08	0.0975013705916778	0.00521854545461136
IDH1	0.912453203843526	1.09156436924745e-08	0.0811368377514934	0.00640982474327536
PSMB4	0.908430017668519	1.14262781989273e-08	0.0849324965084825	0.00663735219187035
PSAT1	0.898485484236169	1.14803239914861e-08	0.0853247025414322	0.0161896808749947
DECR2	0.91644596737759	1.04986433754514e-08	0.0780378905584038	0.00551600828218202
HNRNPD	0.912852857206282	1.10137509832525e-08	0.0818672646474571	0.00527974433268543
RDX	0.919979597334471	1.00222957912076e-08	0.0744968744099633	0.00552339447473367
IL1F5	0.909268812674964	1.07093626821263e-08	0.0795986911141615	0.0111323631838247
MYL3	0.921318475322933	9.84005119064739e-09	0.0731421130659336	0.00553927783243637
ALB	0.881575590510409	1.51791009643629e-08	0.11283077072932	0.00559350498886137
ALDH2	0.899797085673611	1.27271073643555e-08	0.0946034638673017	0.00559931668845841
COMT	0.917053261460308	1.01674495525421e-08	0.0755740498055893	0.00737255520177773
FKBP3	0.917596841370162	1.03872208902336e-08	0.0772099359563008	0.00519308884831681
GLRX	0.924233846561987	9.43420498645619e-09	0.0701250863483613	0.00564093332461709
ST13	0.899137969083834	1.20164235901426e-08	0.0893145301248063	0.0115473678200811
IFNA1	0.914077003764964	1.04581311036861e-08	0.0777340630764588	0.00818879973594674
MAT2B	0.882273331267715	1.35881547391604e-08	0.100993068167509	0.0167334682904505
ADPRH	0.922616858059951	9.7165760426981e-09	0.0722246209679268	0.00515838714223714
AES	0.916166411927392	1.04644023689814e-08	0.0777828197321279	0.00605063463050363
AKR1C4	0.88329546416627	1.07872044933851e-08	0.0801519210049622	0.0365524852178931
AKR1D1	0.860582252609396	1.30322544486865e-08	0.0968348418624931	0.042582776727637
AKAP7	0.917270398360541	9.96971526991883e-09	0.0741029052167242	0.00862656305893363
ALKBH2	0.925774209551766	9.28618676085384e-09	0.0690252088073542	0.00520044781664871
ALKBH3	0.916831735637377	1.04888596732623e-08	0.0779654751385902	0.00520265540009692
AMMECR1L	0.913715171160492	1.07180456453847e-08	0.0796677527822363	0.0066169424234009
ANKRD54	0.912753463708521	1.09836920230168e-08	0.0816434932167665	0.00560290930456732
AP1S2	0.909155179070544	1.13287817338679e-08	0.0842077407728713	0.00663694652540173
ARF4	0.915276991072195	1.06940790141237e-08	0.0794909778994825	0.00523189720831687
ARF5	0.909354299386149	1.14903841434383e-08	0.0854104409042718	0.0052351258900072
ARL15	0.918867998022465	1.00748878360959e-08	0.0748871047281147	0.00624476356553247
ARL4D	0.903770584338011	1.22125033071894e-08	0.0907782175216887	0.00545106434974933
ARL5A	0.906509873400133	1.18898119046785e-08	0.0883797783177222	0.00511021444578669
ARL6	0.912502924867035	1.10595820575325e-08	0.0822079482897841	0.00528899303084796
ARL9	0.907590230570443	1.15353800934319e-08	0.0857434947452548	0.00666614105704239
ARPC5	0.905488450402341	1.16980774506019e-08	0.0869520392948428	0.00755937679559732
MVD	0.91942775047041	9.99574296343642e-09	0.0742987395795606	0.00627337626998688
CDH1	0.912460740106993	1.07130149070763e-08	0.0796290628335749	0.00791006359934203
TBPL1	0.898013343234864	1.30318417611238e-08	0.0968692395744295	0.00511728335529802
UBXN2B	0.912191663721878	1.05188025773934e-08	0.0781836387731346	0.00962456427530695
PPIG	0.912046028413923	1.10558481266314e-08	0.0821797063567652	0.00577413148217582
PTGES2	0.892805857687256	1.34748935479623e-08	0.100160822602304	0.00703318613250731
RABIF	0.903033855530695	1.23174425212478e-08	0.0915583439695594	0.00540766670336289
DDX19A	0.914839641069415	1.07030899289987e-08	0.079557591292866	0.00560263386753586
CBX1	0.91555659488977	1.06527231859504e-08	0.0791835246430987	0.00525974665086875
EIF4A2	0.692159509530419	3.98863024572443e-08	0.296490093569425	0.0113502639023908
EIF4A1	0.908165090472627	1.10330214057978e-08	0.0820059654626157	0.00982881086252569
ITLN1	0.895132220096935	1.11579944004004e-08	0.0829228569622996	0.0219447913667835
LRIG1	0.917265786339688	9.96230499834816e-09	0.0740477599768576	0.00868632032768485
SAA2	0.919604013179877	1.01126372517707e-08	0.0751687389191668	0.00522711408030758
PEA15	0.916806359894515	1.04593500185244e-08	0.0777458652407093	0.00544764107376337
SGTB	0.902358190066534	1.09154070030323e-08	0.0811249713997872	0.0165167062302236
TG	0.92004421040481	9.99485615632594e-09	0.0742927578301091	0.00566289800299605
SH2D1B	0.909626468965866	1.06319263545706e-08	0.0790228371339577	0.0113505609024492
SERPINB13	0.90206088773311	1.15377708264608e-08	0.0857557495669334	0.0121832298141312
UBE2D2	0.912761190562153	1.06737851029805e-08	0.0793374504172223	0.00790122555934573
EIF4EBP3	0.92516922814552	9.36208899487856e-09	0.069589399860813	0.00524123817491757
CHST2	0.898120943973156	1.30298415514711e-08	0.0968544635089586	0.00502445867000388
PRSS3	0.897350093759645	1.31096074020824e-08	0.0974472381117586	0.00520253430464459
PPP3R2	0.902103484338686	1.06774993131827e-08	0.0793544198765092	0.0185419637535216
CBX3	0.917582957362674	1.034869765946e-08	0.0769232665784457	0.00549364227404997
CD3E	0.90224839414304	1.20706141795586e-08	0.0897208816349307	0.00803059077813585
AIF1L	0.918775922480291	9.92741327800204e-09	0.0737896386023548	0.00743430539332751
CEACAM8	0.892568868437707	1.36203319747721e-08	0.101242808263201	0.00618818960760176
CEBPA	0.916251696178083	1.02920670656418e-08	0.0765005396796839	0.00724763059311956
CHST4	0.911071147055498	1.02175844146829e-08	0.075941120573001	0.0129875995937743
CNN2	0.907006720221493	1.15212525303435e-08	0.085637785942958	0.00735536030091251
GREM1	0.909741925604623	1.12616663771301e-08	0.0837089155598646	0.00654902519251394
CD97	0.901339791373362	1.22567523406567e-08	0.0911050460852917	0.00755502903354347
CLSTN2	0.920146082300346	9.42530146696738e-09	0.0700547424510142	0.00979904204240656
DNAJB4	0.912853813162472	1.09357473875196e-08	0.0812868325066414	0.00585922059518536
FABP12	0.885714306470677	1.46752921512576e-08	0.109086018331932	0.00519954137303743
GBP2	0.853147477850328	1.49122110643437e-08	0.110816357868414	0.0360360346009776
GPC4	0.893312343619669	1.36361561593627e-08	0.101361301932515	0.00532622064048653
GPR56	0.911813652339961	1.00679217514317e-08	0.07482820793912	0.0133580069929707
GPX2	0.920022370193594	1.00419663760156e-08	0.0746432881508163	0.0053342078493346
GSTM4	0.92332479088923	9.57763161406927e-09	0.0711914292570359	0.00548364606756053
HS6ST3	0.91742933086777	1.03324610025606e-08	0.0768022940977767	0.005768241286527
HDAC2	0.909818757926582	1.12737085259779e-08	0.0837985993864967	0.00638250902154431
HDGFL1	0.908538209634009	1.10653987347945e-08	0.0822472621228879	0.00921439495830097
HDGFRP3	0.920337373043332	9.74471214332339e-09	0.0724317029345273	0.00723079047076365
HRAS	0.905659580979858	1.1973996513597e-08	0.0890053538518975	0.00533493136208633
HSPA1B	0.925218681287797	9.09897400409739e-09	0.0676315825789528	0.00714960257096141
CAMK4	0.891864902945648	1.38531208674839e-08	0.10297431063858	0.00516065258619317
KRT16	0.845177015220682	1.98403417366702e-08	0.147479126784439	0.00734372445868025
KIR3DL1	0.920359176987184	9.84798510748103e-09	0.0732001899308402	0.00644049942439186
EXOSC8	0.908883575145677	1.15630898882175e-08	0.0859509809309905	0.00516531009437821
LIN7A	0.915660105523695	1.05967222972977e-08	0.0787669196560352	0.00557284104608267
CDC2	0.915889319141976	1.05810232036684e-08	0.0786503304645352	0.00546021660416794
PAFAH2	0.89954697552737	1.27195969957792e-08	0.0945473280510097	0.0059055626921475
ITPA	0.919661242704472	9.98179516560741e-09	0.0741951862502977	0.0061434373477249
AMY2A	0.901677611164366	1.23434997105972e-08	0.0917508806999723	0.00657137449566668
PDE4A	0.914790589155697	1.05664154586731e-08	0.0785405328418758	0.00666874437551801
PHEX	0.899085834857131	1.27104228018234e-08	0.094478600290341	0.00643543119426486
PSMA5	0.920276442104674	9.99607289724102e-09	0.0743020441935743	0.00542137990720982
PSMA3	0.883387577762519	1.47248389660386e-08	0.109452372421286	0.00715991625529395
S100Z	0.909918114165652	1.11805916503945e-08	0.0831058062128611	0.006975946035863
SLIT3	0.919380335725998	1.01384222439019e-08	0.0753603839017345	0.00525914655592475
NMNAT1	0.89906577611297	1.27573486312838e-08	0.0948277603268839	0.00610632985765359
TGM4	0.915715314300846	1.05727851266529e-08	0.0785888558734208	0.00569569606805733
TGM2	0.838670717198639	2.03530041097014e-08	0.151287389515723	0.010041760112023
TLR5	0.903225462743076	1.22057438830605e-08	0.0907273742565414	0.00604702928992133
VLDLR	0.902612528953764	1.02000473979258e-08	0.0758021586695379	0.0215851807543879
PSMB9	0.919979044995566	9.91405476877646e-09	0.0736914408336226	0.00632938049829578
PTGR2	0.872951763133915	1.64192960565758e-08	0.122050562578735	0.00499754043585099
RGS1	0.919697497385764	1.00276414397277e-08	0.0745363695699073	0.00576599929610038
RAC2	0.918328518901395	1.02636036947646e-08	0.0762908195949542	0.00538052770361955
MECP2	0.905065906225458	1.16764900752441e-08	0.0867909823590022	0.00814297798675026
TCEAL8	0.828234971082415	2.21922949600213e-08	0.164963303237144	0.00680159207138488
MEMO1	0.91671530807365	1.03616266258361e-08	0.0770186038819799	0.00626595436332964
UBE2M	0.918585787768574	1.01960268651229e-08	0.0757882307052003	0.00562584775916286
TCEAL3	0.851567487387306	1.00686620760933e-08	0.0747734102945622	0.0736589776939462
SH3BGRL2	0.915976685663291	1.0509303298127e-08	0.0781167424315011	0.00590643817585383
TK2	0.914515522158141	1.07523744247727e-08	0.0799239980531171	0.00556034601287606
CMBL	0.911154925379137	1.07601021821422e-08	0.0799781371609347	0.00886680412841322
MUTED	0.912460951564938	1.03261315893825e-08	0.0767502229041124	0.0107886924577131
OSTF1	0.896003847030372	1.32340292667544e-08	0.0983717269182316	0.0056242922841256
DDIT3	0.918248507357429	9.96370511818893e-09	0.0740591621231798	0.00769219703002221
DAO	0.912659935225279	1.10661342705352e-08	0.0822568611749925	0.00508306975972298
UBQLN2	0.913819661348895	1.08275929960621e-08	0.0804830109286636	0.00569719396496609
MYL12B	0.9027488169138	1.23463204978526e-08	0.0917729427577727	0.00547810654150976
NFKBID	0.920887022818218	9.8436463960132e-09	0.0731684334890928	0.00594440996843716
UBLCP1	0.914526235193729	1.02543567169198e-08	0.0762182057536088	0.00925542577337282
RPRD1B	0.916056296539761	1.01130177639551e-08	0.0751680190826379	0.00877555103382261
HSPB6	0.913815931260246	1.09067516093674e-08	0.0810720349018463	0.00511190000177514
MTHFSD	0.911071153565257	1.11790023344352e-08	0.083095134136591	0.00583357855900507
SERPINB8	0.921000438397684	9.81975794273552e-09	0.0729907904826925	0.00600863740400246
TIAL1	0.913477423059942	1.0915691601705e-08	0.0811382194937997	0.00538422364672294
MRPL2	0.912797472668292	1.08418085012693e-08	0.0805877668111187	0.00661462688640792
POLR2K	0.913118772240598	1.09634896928501e-08	0.081493531191769	0.00538756276854719
NT5C3L	0.916819668487361	1.04809626942753e-08	0.0779067007941959	0.00527349690402877
ALDH6A1	0.913811465288123	1.08924171669662e-08	0.0809653663125378	0.00522303457814221
HSF2BP	0.900471373417527	1.22808445745821e-08	0.0912834496870484	0.00824504348035136
DAP	0.926284282284412	8.94220672703102e-09	0.0664661271730639	0.00724945699365524
DNMT3L	0.907439212721154	1.16956696953859e-08	0.0869360756460862	0.0056245778655252
CYB5R2	0.916673686566637	1.03054100201794e-08	0.0766002484441825	0.00672593136995676
TCF4	0.903049447114124	1.234421397178e-08	0.0917575688031618	0.00519285025746088
MREG	0.898562364900609	1.10941768183438e-08	0.0824514170882649	0.0189860860395278
LGALS13	0.910768974235309	1.12705770063079e-08	0.0837762485813448	0.00545464339327647
TIMM8A	0.912618056301383	1.05112480143904e-08	0.078127851281383	0.0092539591377473
PRPSAP2	0.898929516758906	1.28699807990209e-08	0.095665731936385	0.00540461750791518
PPP1R2	0.913404140004475	1.09314258823808e-08	0.0812552266025467	0.00534049958756844
SERPINE2	0.909885224549981	1.14032795850797e-08	0.0847628180270596	0.0053518236190699
PAF	0.891262094957694	1.20338398529613e-08	0.0894362426400298	0.0193015304730687
POLD4	0.905648971036396	1.193236894341e-08	0.0886955880298241	0.00565530717067691
USP15	0.90696945533122	1.17971648383629e-08	0.0876908416314165	0.00533956923182863
LRRC59	0.894576266793004	1.29887452568069e-08	0.0965451133595496	0.00887848651750042
RPS19	0.910861966045594	1.12565793729529e-08	0.0836721837795203	0.00546571638630377
FIBP	0.913102447433217	1.09279922222573e-08	0.081229374375757	0.00566804442963458
ZFAND1	0.913914832683733	1.08777518392153e-08	0.0808563435112803	0.00522868998455073
GOLGA7	0.898324963469631	1.23291421868486e-08	0.0916406888261831	0.0100342145295566
FAM49B	0.918275120371766	1.0297675998476e-08	0.076544301798651	0.00518044400266239
MOBKL1A	0.919479335666447	1.01189642717218e-08	0.0752156941489162	0.00530483637443312
GULP1	0.905696477813683	1.15045184083764e-08	0.0855119539976782	0.00879143484699518
RPL12	0.908000105561449	1.16190381099999e-08	0.0863664132784448	0.00563334739405146
STAMBP	0.917889086930679	1.01706931808299e-08	0.0755990226528054	0.00651175676850924
NAP1L4	0.901954580670544	1.23550240332264e-08	0.0918369116638833	0.00620837397679453
USP14	0.916825599560586	1.03077526497525e-08	0.0766178322664411	0.00655643453097097
UBE2L6	0.789934796157073	2.75847009964897e-08	0.205050434711949	0.00501463528177437
VBP1	0.912591213525336	1.10521752260328e-08	0.0821529216415383	0.00525573101632347
DTD1	0.918620029268679	1.02634789155555e-08	0.0762901829017238	0.00508965399047634
RPS5	0.908049970097122	1.16443407586267e-08	0.086554742907256	0.00539515319755627
HOPX	0.901043073404426	1.26100554977914e-08	0.0937337156455418	0.00522307712884057
ACAT1	0.900196917071038	1.25519915900979e-08	0.0933008088954592	0.00650214038420398
POLR2J	0.911410247203188	1.11497778974749e-08	0.0828780114089594	0.00571160763231519
NDUFA5	0.91615755836453	1.04906241242453e-08	0.0779779297548331	0.00586437814563004
BTK	0.91662912343393	1.05209031998586e-08	0.0782037116317542	0.00516703110559446
NUDT1	0.914384608773753	1.02578578947137e-08	0.0762441166237898	0.00937114133871976
ADK	0.906753476553348	1.18265874224801e-08	0.0879095620313482	0.00533682760940037
ACVR2A	0.917332861762903	9.78737990508543e-09	0.0727461907935813	0.00992081425364707
NFKBIA	0.803920458990564	2.57519756148231e-08	0.191426928815571	0.00465247829599143
SPINK4	0.905062766654613	1.1630312818558e-08	0.0864473693109867	0.00848973065221065
NDRG1	0.856880177857581	1.85283770263603e-08	0.137728371949655	0.00539131639418278
NUTF2	0.915381764387403	1.06173175330685e-08	0.078919892388113	0.00569820946714551
RAB5B	0.914292402900084	1.07960353072384e-08	0.0802486600061063	0.00545880330429747
RAB1A	0.904843853873636	1.16658223200831e-08	0.0867113801773587	0.00844463256075515
BLNK	0.890735388652187	1.39665249623801e-08	0.103817031991301	0.00544744556547314
BATF	0.920390270790004	9.95739950624736e-09	0.0740143852980143	0.00559521014080115
BAG2	0.907762117554222	1.09440403171193e-08	0.081343444289572	0.0108943050971629
HOMER1	0.912904822144091	1.08921800880183e-08	0.0809626946319164	0.00613234952499803
PTP4A3	0.91015659933599	1.1305633351263e-08	0.0840364936051905	0.00580677331607186
ATOX1	0.920900134935786	9.82363458788356e-09	0.0730195366099368	0.00608019474827306
SUB1	0.891008402812231	1.33130145455925e-08	0.0989544643795948	0.0100369996339193
DDT	0.911284551037453	1.12419589693431e-08	0.083563814800777	0.00515150033096127
GLUL	0.91634617623082	1.04550234080512e-08	0.0777132098251104	0.00594048021929066
ARF1	0.895754978938371	1.30057779366842e-08	0.0966730352442251	0.00757185231186089
PDAP1	0.918596683587338	1.01869962447577e-08	0.075721043800035	0.00568213885312959
RBP5	0.914310435358375	1.05963303335805e-08	0.0787626519907297	0.0069267790586634
PFDN1	0.910916541685058	1.05912772309165e-08	0.0787216540219955	0.0103616711623247
UBE2D1	0.914406222807028	1.07823438346412e-08	0.0801468942281696	0.00544674917367055
KARS	0.906542692668121	1.18651675028257e-08	0.0881964295401317	0.00526074397561876
MYCBP	0.910313565638459	1.12402785576432e-08	0.0835503387201245	0.0061359619429077
SRGN	0.919499060382687	1.01207628598955e-08	0.0752290973803255	0.00527170842233269
PSMB2	0.754580667247275	3.21647333425988e-08	0.239095555675128	0.00632364340431062
RAB2B	0.899377549153938	1.05237366740274e-08	0.0782075269706163	0.0224147923646263
GMPR	0.922227272086108	9.59862063719308e-09	0.071346512205145	0.00642608204922653
NXT2	0.910734602752678	1.09771904930936e-08	0.0815930937552097	0.00767217000005125
EIF2S1	0.908084923560569	1.16618677140246e-08	0.0866851978452008	0.00522974477393603
GIPC1	0.905646237715129	1.13644278461911e-08	0.0844694748524614	0.0098841542376145
SDCBP2	0.920758128566157	9.95498433052404e-09	0.0739967819432244	0.00524495567236844
ACADVL	0.903539916547885	1.22221403163623e-08	0.0908496966388276	0.0056102530441276
EIF4E	0.909682624510301	1.14445294704341e-08	0.0850695600324674	0.00524768163934751
RPA2	0.918360965238407	1.02332518265303e-08	0.0760650005763463	0.00557390041120235
TCP1	0.894892448201978	1.18842094908077e-08	0.0883264611011574	0.0167809584289221
G3BP1	0.902231848281741	1.23175464062317e-08	0.0915583141786679	0.00620970385099174
HAGH	0.887946295768124	1.419919955209e-08	0.105545596610933	0.00650797397242653
YARS	0.915242454490273	1.06631228061828e-08	0.0792605948745099	0.00549681685081379
PEF1	0.903610853873599	1.17331130846483e-08	0.0872108637183143	0.00917814911841228
SNTA1	0.91346061951616	1.07103695717858e-08	0.0796103794912044	0.00692886740068402
IDH3G	0.916948792559529	1.02389707777766e-08	0.076106142317712	0.00694493153296607
SNRPG	0.920755396086423	9.89544852362523e-09	0.0735537669019818	0.0056907032532488
TSTD1	0.916303106665327	1.0507842379611e-08	0.078106198328383	0.00559056123448554
RAB1B	0.913873882602427	1.08478564436989e-08	0.0806338476850845	0.00549213592745631
RBP1	0.912192586617636	9.9713770073497e-09	0.0741101874873361	0.0136970932126474
UBE2D3	0.918423507624215	9.92171841832335e-09	0.0737469097747935	0.00782944913006693
MAFG	0.908353088895839	1.15095442493149e-08	0.0855520110882866	0.00609476631182848
RAB13	0.918188079103537	1.02258171723337e-08	0.076009505460173	0.00580228169293689
MYL5	0.911219354598379	1.12294980863638e-08	0.083471026776224	0.00530948481581843
DENR	0.907347133454607	1.17806366149893e-08	0.0875682314099586	0.00508450129562115
UROD	0.88395247110191	1.21290275855167e-08	0.0901372277957842	0.0259101700612248
HPRT1	0.922184458926151	9.70723035196925e-09	0.0721546458517403	0.00566076145973863
CASQ2	0.913297591350659	1.06228947006886e-08	0.0789593064292318	0.00774296873756374
VPS26A	0.915273169943154	1.06805118427488e-08	0.0793900193014238	0.00533667694949692
CRIPT	0.904578624199624	1.04651852888028e-08	0.0777770461335704	0.0176441975148724
PPP1CC	0.90773105157309	1.14894112054713e-08	0.0854015762959066	0.00686723853076948
MYL7	0.924516316735033	8.70931968435674e-09	0.0647314200475372	0.0107521301392809
G6PD	0.916693625559211	1.05076028140813e-08	0.0781048066055129	0.00520143401117677
GIMAP6	0.916228510839838	1.05613749019101e-08	0.0785044648811925	0.00526689046366814
PET117	0.904171823040029	1.09004924970795e-08	0.0810158064146675	0.0148122380127862
COPE	0.918405812006932	1.01203016900633e-08	0.0752245714234196	0.00636948290252162
CRYGS	0.920454355657655	9.9381689762705e-09	0.0738713530169254	0.00567415756484825
HSCB	0.909898773016649	1.06660065642324e-08	0.0792767041953291	0.0108243897195845
ACPP	0.898904100906092	1.28585262058298e-08	0.0955804716421727	0.00551529366981544
EBAG9	0.905053550539073	1.20509153594466e-08	0.0895771085725799	0.00536920708679508
ABHD14B	0.89404589168856	1.35658865709966e-08	0.100839152693145	0.00511482178255672
HAT1	0.903487905673816	1.19851553457507e-08	0.0890862140658561	0.00742574673515142
CHEK2	0.911587830862112	1.11669587909083e-08	0.0830060340358049	0.00540600130547625
HIPK3	0.902181074214046	1.23148139524328e-08	0.091537930872836	0.0062808612340818
BAIAP2	0.92376067581133	9.357802679289e-09	0.0695560949656369	0.00668309559805286
MOBKL3	0.910033623998184	1.1096367663693e-08	0.0824792021461855	0.00748704033869149
HNRNPK	0.903234075469536	1.20686684452288e-08	0.0897073898858286	0.00705840107009205
TXNDC12	0.915703615833237	1.05192703727695e-08	0.0781906351566066	0.0061056153075688
HN1	0.723603927102369	3.64164605286218e-08	0.270702104603539	0.00569383453616695
LZIC	0.913179428892425	1.06293614808283e-08	0.0790073081510685	0.0078131294833898
CA12	0.871442410242586	1.66534367741123e-08	0.123791317833501	0.00476613804131511
OSTM1	0.912013972282004	1.11237852781885e-08	0.0826852018786292	0.0053006920286072
TOM1L2	0.912265667975913	1.07893613357744e-08	0.0801969695067524	0.00753722900713947
VAMP7	0.904535599895293	1.20963202438752e-08	0.0899144527041305	0.00554981362329526
LRRTM1	0.910144966896331	1.13560069038815e-08	0.0844113169532012	0.00544358235891052
MATN3	0.925106681647364	9.35819412138427e-09	0.0695603550814996	0.0053328294646943
PCNA	0.90300788006673	1.19329246941861e-08	0.0886970796957224	0.00829490682917546
BCAT2	0.908028781804022	1.14792940740194e-08	0.0853265916671232	0.00664449289868636
PEX26	0.918265652125762	9.67107332426905e-09	0.0718816748118515	0.00985253986334268
DCI	0.901959549670919	1.24742209785007e-08	0.0927238738548341	0.00531644266560277
HS3ST4	0.9221874485755	9.67350446498892e-09	0.0719036909126397	0.00590872678281301
MYL12A	0.911519497183036	1.11749968343933e-08	0.0830657775748929	0.00541459144661813
MTCP1	0.917750926243901	1.01995798648769e-08	0.0758138332590016	0.00643510683879082
NNMT	0.924541795042238	9.49125457503312e-09	0.0705499066947521	0.00490816439949974
OLFM2	0.924669686550027	9.32401108334313e-09	0.069305558007236	0.00602462172926518
RAB3D	0.910575913962009	1.08670316029756e-08	0.0807732308255426	0.0086507218518937
RGS21	0.919793152905184	1.00300339945815e-08	0.0745542685777235	0.00565244475360379
CDH12	0.90634262602635	1.00980765845939e-08	0.0750471167739527	0.0186101251775724
DDAH1	0.87599878555232	1.27727792231477e-08	0.094919490927378	0.0290815929054232
VEGFA	0.903891292474793	1.16841198970822e-08	0.0868465808895515	0.00926199335724922
SYF2	0.920180577284232	9.99966973811863e-09	0.0743287127104047	0.00549057622012155
GMPR2	0.92258236059328	9.71392950654525e-09	0.0722048932773836	0.00521261230673928
RBKS	0.916204176666014	1.03656141382376e-08	0.0770477637450733	0.0067479259726451
HDHD3	0.896715860429088	1.25814007264386e-08	0.0935161608823972	0.00976784547808942
KDSR	0.917386537824252	1.02712679977383e-08	0.0763469075688919	0.00626642092587847
PDCD6	0.90708592257164	1.17981756582341e-08	0.0876984798340175	0.00521546377212733
HSD17B8	0.852836300565835	1.89981389793848e-08	0.141219872953748	0.0059436927560697
KAAG1	0.898035211754516	1.2836712193985e-08	0.0954172814881684	0.00654737311409519
NPL	0.887182913677661	1.32865882771345e-08	0.0987539943709458	0.014062959318181
SNX3	0.915806442800488	1.06402294535077e-08	0.0790908075419272	0.00510261582020585
DTYMK	0.914822686027416	1.07470520770651e-08	0.0798847013660224	0.00529247879469876
DCUN1D2	0.913553075592242	1.08233117427709e-08	0.080450886812432	0.00599590387799325
HMGA2	0.902690889066488	1.23233017309325e-08	0.0916015996656009	0.00570737751180473
HK3	0.909477652431853	1.01146841866312e-08	0.0751738338817584	0.0153483812259227
PARK7	0.916923584325178	1.04782656863068e-08	0.0778867360893504	0.00518954575977455
STX1A	0.930667838578946	8.61207818760443e-09	0.0640139933513305	0.00531803426129388
SUMO2	0.925354859712251	9.32346343962149e-09	0.0693021687908506	0.00534283769180323
CR1	0.918189546098441	1.00528272512479e-08	0.0747222704259054	0.00708804990509403
KLB	0.910391607020643	1.11277869615178e-08	0.0827133548427626	0.00689490454007882
LRP4	0.906725347234334	1.0036790399082e-08	0.0745914628178394	0.0186830579355045
PLXNA4	0.91237180792992	1.10859380078824e-08	0.0824039344866993	0.00522412376233051
PLXND1	0.910515777135607	1.13141897194471e-08	0.0841005219932713	0.00538356707149965
USP28	0.891381324342964	1.02403701059468e-08	0.0760909618035531	0.0325275837017068
SEZ6L	0.923503197152704	9.45854699471342e-09	0.070305486454104	0.00619118270210442
IRF4	0.904381998504428	1.17948523224766e-08	0.0876710439061788	0.00794682413424251
EGFR	0.872701186573975	1.56473000288775e-08	0.116305806750217	0.0109928736300133
IL15	0.911336512125579	1.09591622881492e-08	0.081459546466208	0.00720380785321122
CEBPG	0.900162394702726	1.16714348344592e-08	0.0867484573510999	0.0130890151820755
EPOR	0.868112604644106	1.70483906622908e-08	0.126726878813509	0.00516038271276838
DEFA1	0.911246126032928	1.10198333839715e-08	0.0819109161019438	0.00684282426161343
IGFBP5	0.920456381617612	9.43055556593862e-09	0.0700941493733136	0.00944933575584551
FGF9	0.89606181189446	1.21729748847529e-08	0.0904763658131091	0.0134616895784164
KPNA1	0.89840341340314	1.22609749221674e-08	0.0911335274482015	0.010462926031643
SFTPD	0.824412001770562	2.21754606595776e-08	0.164834210610623	0.0107536545408724
BRF1	0.906418556898352	9.59558559848626e-09	0.0713081036156974	0.0222732079561036
ASB9	0.917531556298049	1.01499980761774e-08	0.0754446702773353	0.00702363984540004
JUND	0.914191625827059	1.06708016177286e-08	0.0793166818517269	0.00649155867049319
IHH	0.920093456242498	9.4948208999272e-09	0.0705719913074894	0.00933441918133845
CD81	0.912253753870614	1.05069015385329e-08	0.0780951440225588	0.00965096888069492
NT5C3A	0.916362604753764	1.02909187912693e-08	0.0764921062668891	0.00714515541646219
EFHD1	0.914616413642019	1.01784613463134e-08	0.0756535504532343	0.00972990268922114
PTGR1	0.917122595113764	1.0351577019224e-08	0.076944231379241	0.00593303978121599
DLG2	0.909184493540299	1.10990325489449e-08	0.0824981818617814	0.00831719119254169
RPSA	0.90458347264347	1.21504209768926e-08	0.0903170699648421	0.00509932355386623
FGL2	0.91451449510322	1.05207981327181e-08	0.0782008130705654	0.00728455828206263
HLA	0.921034825738935	9.91726305110580e-09	0.073716370843259	0.00524866960005386
CRH	0.920506068809179	9.87708723241902e-09	0.073416888993631	0.00607690849074513
IAPP	0.918218115597682	1.02138134640714e-08	0.0759202146498545	0.00586153601707552
PTH	0.916805152364096	1.04697958703932e-08	0.0778235927328286	0.0053711211017805
CCL27	0.915144040981815	1.04707575427817e-08	0.0778290858655348	0.00702673957385227
COL18A1	0.906886157713512	1.13593572078236e-08	0.0844329848514305	0.00868072407853524
TIMP1	0.922188148794613	9.71739686270909e-09	0.0722302996389475	0.00558141779340679
PROK1	0.918847673718184	1.01555586492499e-08	0.0754873645312599	0.00566482798873135
TIMP2	0.926543067645953	9.15226896475972e-09	0.0680294817929726	0.0054273167673317
C5	0.918901888852324	1.01506431615774e-08	0.0754508421312268	0.0056471352522469
APOE	0.920954335834691	9.91013663601095e-09	0.0736632618559378	0.00538226850957391
CTSG	0.915481857542401	9.69266601317375e-09	0.0720395617376229	0.0124784478738252
CXCL16	0.901286008063674	1.23529443525317e-08	0.0918207672954896	0.00689309104407672
FGF10	0.918189035746235	1.0271293040702e-08	0.0763478972175938	0.00546293324721487
PLA2G2E	0.916953347678092	1.03644434097792e-08	0.0770398021504482	0.00600671645558121
CCL20	0.903553764974229	1.21315780432209e-08	0.0901758269417394	0.00627027440357218
APCS	0.908093650586822	1.16574867173943e-08	0.0866526071165245	0.00525360847956643
KIT	0.901401351074536	1.25541470763853e-08	0.0933180537392416	0.00528046137274328
TIMP3	0.90891159934685	1.13045052203997e-08	0.0840268528163889	0.00706141426262192
ANGPT4	0.907696407730136	1.13572253237874e-08	0.0844179323355149	0.00788552647096034
GFRA3	0.872068087028438	1.0942238492754e-08	0.0812943069566859	0.0466374777593095
EFNB3	0.883569427095891	1.21454073020844e-08	0.0902587275909628	0.0261717143072142
CCL21	0.923311515212143	9.57850723062064e-09	0.071197931524467	0.00549041947812806
HMGB1	0.920073612121429	9.94113847990305e-09	0.0738930682863086	0.00603318587994044
POMC	0.884217219221495	1.48796793153028e-08	0.110605386491179	0.00517726045997799
CFI	0.916109060312471	1.05618535926864e-08	0.0785079073003376	0.0053828985874802
IGFBP3	0.905253492101839	1.2026866824001e-08	0.0893983609902558	0.00534801310350343
MMP9	0.91853171595762	1.01199361494933e-08	0.0752219774269439	0.00624617293173763
MPO	0.911736628051615	1.061877561351e-08	0.0789270933349967	0.00933614534494727
PRL	0.888738807044647	1.42486723274353e-08	0.105914522127695	0.00534653702305915
ROR1	0.887423261854979	1.42654042935158e-08	0.106037709614425	0.00653889488623571
TNFSF9	0.914138855485922	1.08372034315825e-08	0.0805548427208265	0.00530616798322792
ANGPT2	0.922012754585291	9.71832479810129e-09	0.0722370289356337	0.0057500827287076
TNFRSF8	0.889281249847388	1.12226879566114e-08	0.0833983918046755	0.0273202274963502
CST3	0.919791800080509	9.87836810185357e-09	0.0734257050962639	0.00678236121158613
EIF5	0.884214500209803	1.27855659629305e-08	0.0950228623652472	0.0207625056920823
EFNA4	0.913085797573356	1.08440185144516e-08	0.0806045003691089	0.00630956838235685
EFNA5	0.910093121523009	1.06832139625472e-08	0.0794049408294631	0.0105018045357384
ERBB2	0.898732066979699	1.22357266283482e-08	0.0909459811763876	0.0103218187079362
ERBB3	0.912616801004223	1.08929283190227e-08	0.080967973989349	0.00641509134542998
ERBB4	0.903764828268363	1.205792636003e-08	0.0896279881652364	0.00660704993120095
IL6ST	0.913075999496401	1.07227799313206e-08	0.0797023412986182	0.0072215256523582
HMOX2	0.903709930794285	1.16855817970842e-08	0.0868572775005573	0.00943265844968793
IL10RB	0.858323304721426	1.09880515989151e-08	0.0816214486362881	0.0600551201898962
IL12RB1	0.897472706808535	1.19931812402017e-08	0.0891399143838782	0.0133872460835671
IL13RA1	0.910497624796304	1.13355092718854e-08	0.0842591448924133	0.00524309649278279
IL2RG	0.916660196201018	1.05211145240452e-08	0.0782053152215015	0.00513435474436636
LTBR	0.895525725343517	1.18107779445738e-08	0.0877806830238341	0.0166934593529464
MRC1	0.910680133650939	1.13075552811338e-08	0.0840513189493385	0.00526841358462414
MST1R	0.895698171312655	1.10518628526159e-08	0.0821336872830979	0.0221680098602614
PAFAH1B2	0.917394476467112	1.04062569391252e-08	0.0773513826643636	0.00525400705149069
CDH3	0.913876169268206	1.04793226605722e-08	0.0778915506819611	0.00823214663302722
PRKCA	0.916392281512948	1.05068494114736e-08	0.0780988988104064	0.00550868589383797
PRKCZ	0.9018110081521	1.16703911215168e-08	0.0867423412354133	0.0114465176276564
GDI2	0.919025094414384	1.01730107170712e-08	0.0756174048326003	0.00535736694987177
PLAUR	0.907871774962282	1.14834529580744e-08	0.0853573812041105	0.00677071022040109
TNFRSF1A	0.914047358540834	1.06303572870389e-08	0.0790155868501391	0.00693692101815846
NTRK3	0.898222772240521	1.29668377090721e-08	0.0963857471101067	0.00539134685079534
TNFRSF17	0.923682434542372	9.51325324822449e-09	0.0707127409537206	0.00560469073400131
DCN	0.900657367582674	1.25905318698483e-08	0.0935880521501509	0.00575444651739503
HGF	0.886656546293522	1.45341650961096e-08	0.108036820005263	0.00530649989123501
HSPD1	0.88710546745072	1.45004501614399e-08	0.107786392941424	0.00510800577120051
C3	0.898129261907749	1.13938966703554e-08	0.0846812310232106	0.0171893748559834
MIA	0.901203785336941	1.15324288080303e-08	0.085715141076032	0.0130809408218432
PLA2G2A	0.924097907447139	9.37872127786146e-09	0.0697120900639471	0.00618986879764811
PECAM1	0.883238796655362	1.28428274476105e-08	0.0954479745160567	0.0213130971697062
PF4	0.916091522860711	1.05816971783663e-08	0.078655547988491	0.00525279533360164
PROS1	0.911215262076448	1.11635171602381e-08	0.0829800515521543	0.00580455262835001
TNFRSF13B	0.917473618056675	1.00348123982618e-08	0.074587503333504	0.00793874515358442
CCL25	0.894399635853248	1.28563635795959e-08	0.0955598703344566	0.0100403606384917
SERPINA7	0.882296813675714	1.50223852287826e-08	0.111665354126542	0.00603769848602943
AIMP1	0.899952090079417	1.26764311066167e-08	0.0942265315736208	0.00582124460615929
CSF3R	0.904920705614867	1.18630760166404e-08	0.0881792429568767	0.00689991783241391
POR	0.905586658699029	1.1372236522108e-08	0.0845275204063737	0.00988568770000805
NANOG	0.888875343415165	1.42491557167949e-08	0.105918255752676	0.00520626700871033
NCR2	0.888662763896139	1.37357118478327e-08	0.102097452222545	0.00923965059990712
NOV	0.913099584827698	1.0314080755529e-08	0.0766611906332865	0.0102390913919191
SIGLEC6	0.91597470671432	9.2794733115834e-09	0.0689654439999124	0.0150597167865094
SIGLEC7	0.909196890513731	1.12360944190665e-08	0.0835180863044454	0.0072848896377172
SHH	0.924565849149973	9.29599865382355e-09	0.069097010582113	0.00633700659642342
GDF5	0.879016119187891	1.54769560356246e-08	0.11504458013417	0.00593916695298275
FAM107A	0.90511103804213	1.09447028627936e-08	0.0813457206291857	0.013543108625612
FGF18	0.900770356500011	1.20259970005591e-08	0.0893874009171746	0.00984210938236923
FGF20	0.90756239467033	1.15051956670853e-08	0.085518861337051	0.00691861039928915
CCL1	0.892799928515308	1.13815013778745e-08	0.0845836616575022	0.0226162783434478
IGFBP1	0.903962252635337	1.21522952322437e-08	0.0903303946574135	0.00570721895112129
IL10	0.908198750851071	1.16804425012981e-08	0.0868235287649789	0.00497758652976786
IL16	0.926100856917714	9.23709316616615e-09	0.0686602250934876	0.00523878416971909
IL22	0.923670840676576	9.37869689895613e-09	0.0697114811635828	0.00661754452605124
LTF	0.921537762428917	9.84903403487267e-09	0.0732091748771015	0.00525292887680153
CCL4L1	0.902966715740867	1.23517072348614e-08	0.0918132441608985	0.00521990627661713
CCL3L1	0.899199630113824	1.13530243557551e-08	0.0843781671990821	0.016422070370921
MMP3	0.906600631398018	1.17158631169974e-08	0.0870854976349708	0.00631373729239279
MMP7	0.923675380889437	9.53782052733277e-09	0.0708955416441305	0.00542894367290772
SOD1	0.89552024453349	1.30784775920926e-08	0.0972137661853787	0.00726585573446707
APOB	0.920548156645391	9.95729261897708e-09	0.0740137479823258	0.0054379615799703
ACE2	0.906089348598174	1.19399886117819e-08	0.0887527276154841	0.00515778995637838
ACVR1B	0.905969551291048	1.08403156621313e-08	0.0805698236783926	0.0134604923163842
ADAMTS4	0.907050639138244	1.17277744230718e-08	0.087174581395551	0.0057746457191381
ANGPT1	0.915314846202746	1.06909928620879e-08	0.0794680514051729	0.00521696857007032
AGRP	0.909371786312998	1.14336357494222e-08	0.0849881875400308	0.00563989238179624
BCAM	0.914239350490455	1.04374779216155e-08	0.0775805430492298	0.00817997303649858
CDH5	0.923665468195686	9.03749860484233e-09	0.0671725827907089	0.00916181572173533
COMMD7	0.903806571776342	1.20571232055585e-08	0.0896220535922214	0.00657124099142351
CX3CL1	0.908889572089272	1.05211464815235e-08	0.0781977746169544	0.0129125205059569
SPINT1	0.896836430279385	1.19522278403253e-08	0.0888345388422209	0.0143288982809225
KLK11	0.844385471679243	1.45913533472923e-08	0.10842005050446	0.0471943496355656
KLK4	0.915262781460653	1.04566032291498e-08	0.0777238809634596	0.00701320399527
KLK8	0.693776586345307	1.51634112190038e-08	0.112526034639762	0.193697270522522
XRCC6	0.913635436270599	1.08714167578759e-08	0.0808089238174202	0.00555550613546515
LCN2	0.902458156335946	1.16846865996229e-08	0.0868493632128583	0.0106923473650122
MET	0.91888269266881	9.85628126137371e-09	0.0732604445366855	0.00785672932724674
MMP17	0.87039047021788	1.4844588290116e-08	0.110330429828596	0.0192789680212845
TNFSF4	0.915212568242408	1.06566676059702e-08	0.0792125311232268	0.00557476686043669
SPINT2	0.922325586662373	9.71781910710544e-09	0.0722335791801184	0.00544070036556466
TIE1	0.916577884754846	1.00931500784741e-08	0.0750207036206746	0.00840127823040266
RPS27A	0.923090629265703	9.60321669742795e-09	0.0713815762023829	0.00552766075165567
CHEK1	0.889852685975657	1.13751108996627e-08	0.0845331592325864	0.0256140237108773
MAPK3	0.910274119541905	1.13089217120419e-08	0.0840610802872712	0.00566466640897802
HDAC8	0.90735401076945	1.10107335390445e-08	0.0818393071708855	0.0108065489888291
KPNA2	0.886454255487272	1.16495301640358e-08	0.0865717404930219	0.0269738731215741
MAP2K1	0.918001039803246	1.03325988610172e-08	0.076803892198589	0.0051949341731912
RAC1	0.915196733906861	1.06080117591329e-08	0.0788504619133568	0.00595267045664097
RAD51	0.907379449215398	1.06905107602955e-08	0.0794565206927826	0.013163897337784
TBP	0.899046822887181	1.27732825189498e-08	0.094946307116812	0.00600673628013078
TOP1	0.921244548136262	9.58474222223093e-09	0.0712422577274331	0.00751306062286283
UBE2I	0.919533133124765	1.00898834083542e-08	0.0749993541859418	0.005467378900934
YES1	0.865504989418483	1.71099407040392e-08	0.127182269030656	0.00731260801047951
SERPINA3	0.912988476582059	1.08773290456208e-08	0.0808522701754196	0.00615911954712382
C7	0.908928423436075	1.15647428348906e-08	0.0859633255771445	0.00510811715014059
CTF1	0.90256663587023	1.1945287322806e-08	0.0887886296514292	0.00864460111696496
CCL28	0.923505088172791	9.55474933082362e-09	0.0710213402181076	0.00547343782155661
CCL14	0.925053459078566	9.29700316706819e-09	0.0691049733706838	0.00584143381266021
MDK	0.904096446420632	1.20521259948107e-08	0.0895851589774825	0.006318260927875
CCL23	0.911076548727723	1.12102755048981e-08	0.0833278465429928	0.00559547095813962
SERPINE1	0.917263824937437	1.04111452871036e-08	0.0773876266021116	0.00534841465610367
ARTN	0.900640777830267	1.22534445888385e-08	0.0910797330369235	0.00827935572234864
CYCS	0.768927470473407	2.95669787459177e-08	0.219779747077822	0.0112926494432625
CYP3A4	0.917396591997208	1.00497564825268e-08	0.0746986267595016	0.00790464778247148
NBL1	0.921356383586141	9.29417620629282e-09	0.069080236876466	0.00956324629947127
GHR	0.917482803873256	1.03617681281608e-08	0.0770204250800773	0.00549663726223913
PLA2G10	0.857342034519475	1.61229679482826e-08	0.119829928078859	0.0228279059463642
IGF1	0.909536438878689	1.13463379202568e-08	0.0843387598747901	0.00612466754649327
CFP	0.913892171774586	1.07393978921113e-08	0.0798268143114013	0.0062808802349789
PROC	0.90449064293803	1.21423193157676e-08	0.0902566917153605	0.00525253152937694
PTHLH	0.874678506413138	1.57146920071925e-08	0.116809256967313	0.00851210324036597
CLEC11A	0.907610056411412	1.16887757912294e-08	0.0868849483827364	0.0055048614225299
VCAM1	0.864039171145885	1.51283835792025e-08	0.112435823266812	0.0235248742256641
TNFSF15	0.910251619012756	1.10960290687327e-08	0.0824769008381329	0.00727134660318576
AREG	0.918059835666054	1.03209981773303e-08	0.0767176291253975	0.00522240138726788
BMP7	0.919756779752612	9.99218654980469e-09	0.0742726052840813	0.00597048124255897
CD36	0.919387749695807	1.01145427696051e-08	0.0751827016011594	0.0054294149095733
CNTN1	0.926061756218325	9.24693436289085e-09	0.0687334153509113	0.00520469460710327
CTGF	0.908486294530381	1.15054206260318e-08	0.0855214601054389	0.00599211164633853
DSG1	0.893046453829435	1.12850267122531e-08	0.0838660301255143	0.0230873846246195
EDAR	0.911955234492488	1.07810451372402e-08	0.0801347770398368	0.0079098550075568
CXCL5	0.908610660980633	1.08678472778639e-08	0.0807773331291503	0.0106118727932184
CXCL1	0.911770200101512	1.06108743758475e-08	0.0788683329862341	0.00936133364719816
HIST1H1C	0.918121886944534	1.02914541481383e-08	0.0764978509580748	0.00538012829730592
IL1R1	0.910088853952386	1.13480369675858e-08	0.0843519556357805	0.00555905663579417
IL17RA	0.929067987641349	8.76423970036277e-09	0.0651446419876548	0.0057872366256229
JAM2	0.902308368907863	1.08208997445772e-08	0.0804216829117677	0.017269815978124
JAM3	0.918175622629768	1.02878212741261e-08	0.0764708721435241	0.0053533714230274
LSAMP	0.921922889734466	9.74900000218828e-09	0.0724651964549023	0.00561178004167807
MBL2	0.876493484571149	1.17090955782189e-08	0.0870050023670188	0.0365013834440887
NCR3	0.919484056577602	1.01278032082042e-08	0.0752814703461748	0.00523433925654551
PDCD1LG2	0.924746692261036	9.41717652080328e-09	0.0699988890735029	0.00525428484846436
PTPN1	0.911591163147644	1.10018710124827e-08	0.0817776015573029	0.0066311016630839
SIGLEC9	0.936746817651917	7.7516534960859e-09	0.0576175662709433	0.00563548231137103
TGFBR3	0.92111986476544	9.8457349560411e-09	0.0731842077626691	0.0056957937142281
CTLA4	0.876018765459543	1.58649052940586e-08	0.117928351699858	0.00605274913090624
SERPINF2	0.918276700611357	9.99538587832e-09	0.074294930268806	0.00742823559499429
FGF2	0.866045231734029	1.66825767470793e-08	0.124002748906825	0.00995188617345224
CAST	0.915201278353891	1.06143624049125e-08	0.0788977222967516	0.00590086561925401
CD209	0.919072759254695	9.6017583840934e-09	0.0713667028444614	0.00956040466254094
CLEC4M	0.908159678584722	1.07033628311294e-08	0.0795529353367717	0.0122872532066608
LGALS2	0.903954395218524	1.21954299199613e-08	0.0906513566163576	0.00539411436691347
GFAP	0.91587465741592	1.06246468945565e-08	0.0789749243372449	0.00515028441586148
IL1B	0.927488753219941	9.0569835508635e-09	0.0673213994704675	0.00518971348391731
CXCL11	0.90617159289487	1.11931819345532e-08	0.0831957415916725	0.0106325324192368
CCL3	0.911580281469454	1.10243632549828e-08	0.0819449578465448	0.00647462703100526
MRC2	0.91668510986191	1.04953948240314e-08	0.0780139571217788	0.00530079920556527
SPARC	0.881499461275186	1.50125403303693e-08	0.111591299033953	0.00690910609625277
CCL18	0.915374081088766	1.05790032821598e-08	0.0786347842586985	0.00599100093454502
RETN	0.904791949566543	1.20040456192789e-08	0.0892280839607655	0.0059798327532004
PRSS1	0.912222763243582	1.10923568483614e-08	0.0824515485712489	0.00532555437775136
VWF	0.885070419676449	1.20782792485016e-08	0.0897607230607061	0.0251687261221224
FASLG	0.870863941237465	1.62389490018746e-08	0.120706490945893	0.00842943442634924
IL4R	0.685389945178321	4.05256991389461e-08	0.301241136314882	0.0133687857802959
TNFSF13B	0.486406718211754	6.86066904358216e-08	0.509995613163185	0.00359753458541682
C9	0.920846985394432	9.5445423955764e-09	0.0709427285574807	0.0082101526283248
FGF5	0.917843247538518	1.03344019794612e-08	0.0768171514455241	0.00533946721040814
LGALS3	0.917238264011501	1.01851373369494e-08	0.0757058516886995	0.00705575072489931
GDF9	0.915335394539414	1.01152003023269e-08	0.0751835379603469	0.00948093425125554
IL2	0.890137206186534	1.40995154565587e-08	0.104806029699459	0.00505663027044785
IL13	0.910204379203295	1.09392548264493e-08	0.0813102796484089	0.00848520776549792
IL18BP	0.906417182733858	1.18720265935697e-08	0.0882473431322979	0.00533534032774114
LBP	0.916975438956031	9.88675164765852e-09	0.0734852687764697	0.00953915902634094
F10	0.907137084692269	1.17357609279173e-08	0.087234096364299	0.00562868517675106
PGF	0.909046848032051	1.11693945090457e-08	0.0830216149482476	0.00793140356247947
ULBP1	0.898817643544306	1.27052220343576e-08	0.0944396323636371	0.00674259047507096
ULBP2	0.895853038471227	1.32653041446974e-08	0.0986042956700721	0.0055425320804415
EDA2R	0.892116538275503	1.30563681483291e-08	0.0970458403360713	0.0108374883217477
AURKA	0.900491704659384	1.08416806299099e-08	0.0805744972189066	0.0189336661430656
MAPK1	0.918521095443205	1.02225996254649e-08	0.0759858966995651	0.00549287407229656
DIABLO	0.914811771854761	1.0728550755245e-08	0.0797470201266869	0.00544107422665813
VEGFC	0.91522284296274	1.06754387552891e-08	0.079352219537744	0.00542480370543501
CD4	0.896562601087104	1.23757480198438e-08	0.091985723686887	0.0114515422418538
IL2RA	0.917212544234841	1.04276275071113e-08	0.0775102212317931	0.0052771007194363
TNFRSF1B	0.906692870691078	1.18574345147763e-08	0.0881390378774445	0.00516795760287977
CD33	0.927430310563006	8.41108197828535e-09	0.0625151182935793	0.0100544379715033
ADAMTS5	0.915603771802841	1.03182061257837e-08	0.0766943946485347	0.00770170006053374
IDUA	0.922166657353102	9.78303370331202e-09	0.0727186888762681	0.0051145199348498
METAP2	0.908921994816063	1.14880513383231e-08	0.0853926495145686	0.00568522191028483
APP	0.911508771002918	1.12072244035809e-08	0.0833055756267882	0.00518551954405527
ARSB	0.835486775336474	9.65339961978577e-09	0.0716673011370512	0.0928458014807789
NAAA	0.911679787423017	1.02978649867477e-08	0.0765391061448198	0.0117809734922789
ADAMTS1	0.918238569313111	1.01335312608506e-08	0.0753228466643214	0.00643845036470941
ADAMTS13	0.911796959551868	1.11210994657162e-08	0.0826649992308068	0.00553790743844476
CTSC	0.916501427488759	1.05098889760168e-08	0.0781216257904755	0.00537681292023481
CTSA	0.919749835593789	9.9386389682986e-09	0.073874145052485	0.00637588568745945
CTSS	0.908677329662691	1.14051180950009e-08	0.084775289471844	0.00654724722222755
ENTPD1	0.908067724859779	1.0753336612508e-08	0.0799247035425352	0.0120074386882366
F7	0.92433932403149	9.39730794076202e-09	0.0698506370685646	0.00580990515761846
CRISP3	0.904165156978552	1.21315076321193e-08	0.0901759150092927	0.00565879424952023
TMPRSS15	0.906877899795565	1.09010254986938e-08	0.0810224813225853	0.0120994859847702
WFIKKN1	0.89341086132151	1.32055155488588e-08	0.0981569577124103	0.00843204757613835
CNDP2	0.91348516470421	1.04936389253672e-08	0.0779976881433015	0.00851701377396442
GNLY	0.911126536456	1.12508441974952e-08	0.083629772560888	0.00524355716467431
HAPLN1	0.889688452927351	1.1701724482916e-08	0.0869633614368981	0.0233480542503504
IDE	0.911882861606489	1.11100163188642e-08	0.0825826143378786	0.00553439027627861
IDS	0.924327002055477	9.35795897971157e-09	0.0695578249070099	0.00611503933619131
KLK12	0.897385421325283	1.19352435226211e-08	0.088708706258503	0.0139057397618748
LTA4H	0.911573931692216	1.08128947630953e-08	0.0803713918273595	0.00805454303975033
LYVE1	0.898960036331411	1.24342074333037e-08	0.0924231262696251	0.00861670403383864
MEPE	0.911957584598887	1.10635674073654e-08	0.0822370578178648	0.00580522384029105
METAP1	0.916123087454636	1.05856978245944e-08	0.0786853488211068	0.00519142989881297
ASAH2	0.883784415687964	1.48425130226541e-08	0.110328394896104	0.00588705568397277
NID1	0.912413964358693	1.10083866990963e-08	0.0818269091031437	0.00575899278899457
PIGR	0.735648053264282	1.88826608675901e-08	0.140243282405761	0.124108546485618
RET	0.914037328869426	1.0873007149606e-08	0.0808211603873114	0.00514137691109334
SFRP1	0.888593182343559	1.05771519841231e-08	0.078594200841967	0.0328124867009857
SEMA3A	0.915598587978081	1.05946594329305e-08	0.0787515080825381	0.00564977017553293
ACP5	0.911915244272616	1.10775818867158e-08	0.082341298674737	0.00574332330137187
CCDC80	0.913710824315201	1.06896575050686e-08	0.0794565092430549	0.00683253283684518
WFIKKN2	0.915514727328381	1.04694187548217e-08	0.0778194948586053	0.00666564418568734
ACAN	0.90450318564754	1.15434469231088e-08	0.0858004307520914	0.0096962503803222
TGFBI	0.917538910837082	9.94646576946859e-09	0.0739301719788139	0.00853078380743159
CD109	0.910020421677972	1.12490205534855e-08	0.0836150954086384	0.00636434924557201
CD48	0.915601695815617	9.027005553259e-09	0.0670864310264166	0.0173117409613546
CD5L	0.9054938684073	1.15059171030536e-08	0.0855221590221053	0.00898383925480746
CFC1	0.911593419812563	1.07283907757131e-08	0.0797426081278325	0.0086638387008119
CNTN2	0.921170056991811	9.12700382545986e-09	0.0678361027997649	0.010993707162741
CNTN4	0.911087386834031	1.12539874062209e-08	0.0836531223243414	0.00525935702531242
CNTN5	0.918298447229214	1.01075299712745e-08	0.0751294282258107	0.00657199090506292
CST7	0.911844909395478	1.10961526015599e-08	0.0824794149445938	0.00567554189954338
DLL4	0.841359176043154	1.35427169944356e-08	0.100614005933952	0.0580266912979061
FCGR2A	0.917846953524913	1.03492433850644e-08	0.0769275916414882	0.00522532101270971
FCGR2B	0.925365772980979	9.09844722611932e-09	0.0676278100066346	0.007006283430838
FCGR3B	0.549246951248994	6.02086726960287e-08	0.447567968203102	0.00318494645280999
GFRA1	0.91703078971672	1.03299294698389e-08	0.0767830577519222	0.00618601883957588
GPC2	0.897418418001876	1.29357807278169e-08	0.0961538436317769	0.00642760470703052
HTRA2	0.910830460219378	1.11656896858976e-08	0.0829958323608259	0.00617357372634221
IGFBP7	0.923752864936783	8.93537416832675e-09	0.0664127514214163	0.00983425044029857
LRIG3	0.915462474728989	9.70647163249217e-09	0.0721422714251568	0.0123951209885057
LY9	0.905076369920694	1.14189671451979e-08	0.0848747371706172	0.0100487597360144
CADM1	0.894819657004289	1.34751650247813e-08	0.100164858505751	0.00501535064085301
NTN4	0.918987269445936	1.01421468161872e-08	0.0753877053826311	0.00562489140424137
PGLYRP1	0.919510714181726	9.52074725619987e-09	0.0707643287716728	0.00972482383039386
RGMB	0.918611664006489	9.93259211657069e-09	0.073828010471062	0.00756019201534006
HFE2	0.919631757755632	9.96183816902126e-09	0.0740466545899868	0.00632145398079889
TFPI	0.908203108655976	1.15698036439176e-08	0.0860002575574102	0.00579650004248444
THBS4	0.875970670653447	1.59141371984252e-08	0.118294643422266	0.00573455217183152
ABL1	0.873396441993964	1.57742198157738e-08	0.117250926409065	0.00935249833072694
ABL2	0.912888007304564	1.01090494679503e-08	0.0751353191065652	0.0119765406752683
ACY1	0.860914201098893	1.74626189814411e-08	0.129801990424691	0.00928367520092267
SERPINC1	0.911857441425813	1.10898446844303e-08	0.0824324896032266	0.00570993521519719
AURKB	0.903915204167641	1.13537138554386e-08	0.0843880181349474	0.0116966447461953
CAMK2A	0.909775444203357	1.10360048906585e-08	0.0820297778584378	0.00819464451635996
CAMK2B	0.910413492240097	1.09047893223433e-08	0.0810540274689247	0.00853234691451632
CA6	0.928311004946016	8.77245456943625e-09	0.0652050119664094	0.00648384943581687
CD207	0.906292549278464	1.14404559996802e-08	0.085035855431805	0.00867146193196466
CHRDL1	0.912195159885282	1.11013017297898e-08	0.0825180807595499	0.00528662554251825
CSK	0.916661531519206	1.05029393732131e-08	0.0780700733171235	0.00526826134855293
CTSV	0.918895600350918	9.81792031713374e-09	0.0729750095687943	0.00812925664965497
DKK4	0.915908525715241	1.05329499181147e-08	0.0782926312314661	0.00579870930946112
ECM1	0.908097327836346	1.15778126434976e-08	0.0860597474930648	0.00584279093268106
FETUB	0.918686633868496	9.90468976105768e-09	0.0736204611046661	0.00769277153754546
GZMH	0.913312434251697	1.02580302658521e-08	0.0762443260079506	0.0104431066206749
HCK	0.905295274707309	1.1939380323166e-08	0.0887474064059746	0.0059571851641812
IL17RD	0.919292217281426	1.00977282249848e-08	0.0750574871483996	0.00565016180637967
PRKCI	0.914870089454397	1.07237151450581e-08	0.0797110962101387	0.00541868054056099
LYN	0.895493366440856	1.27575330014205e-08	0.0948255562586493	0.00968094407838967
PAK3	0.898363271170861	1.1503103770607e-08	0.0854940869785737	0.0161425094968218
PAK7	0.909539119791501	1.09157805235978e-08	0.0811349389250697	0.0093258080135985
PIK3CG	0.910198808235408	1.08423635141092e-08	0.080589295454966	0.00921176302446923
PLK1	0.913105849963459	1.09568336527979e-08	0.0814439899507148	0.00545002629513522
REN	0.911044882844114	1.02331930667085e-08	0.076057239931443	0.0128977444346406
PTPN11	0.909821857191452	1.13296953796759e-08	0.0842152066545917	0.00596280243217688
STAB2	0.892341986748056	1.15005549851443e-08	0.085469093880828	0.0221887878299227
TPSB2	0.921548080314072	8.72348530337006e-09	0.0648338567254902	0.0136179302674194
TPSG1	0.897820622092563	1.29149126911022e-08	0.0959989649456599	0.00618027926922442
UFC1	0.917891874838891	1.03535453309591e-08	0.0769596478472362	0.0051483434826383
BCL2	0.904555805019243	1.19982179971858e-08	0.0891844836205921	0.00625957767826845
BMX	0.901103388156534	1.23667945644671e-08	0.0919236454009391	0.00697283285648401
IBSP	0.869924625577538	1.35319748198342e-08	0.100562666311376	0.0295125775541266
CAMK1D	0.882226145786155	1.28192712363406e-08	0.0952716765641728	0.0225020461505777
CAMK2D	0.912879511053461	1.07033375929191e-08	0.0795574720942113	0.00756288334558106
CA13	0.91725329099341	1.04164756694172e-08	0.0774272800024603	0.0053192951958707
TNFSF8	0.875819653250474	1.47592962451293e-08	0.109701197218908	0.0144790169533205
CMA1	0.900284983261148	1.2367008811202e-08	0.0919244204095764	0.00779046285311241
CSNK2A1	0.909883707752635	1.09229440115533e-08	0.0811885881379664	0.00892757078604944
EPHA1	0.92002213625087	9.09872607498101e-09	0.0676245359643999	0.0123531949217453
EPHA3	0.913622300783494	1.0709111644726e-08	0.0796011809645596	0.00677638463950233
FN1	0.912830650567402	1.01406444844164e-08	0.0753703635887727	0.0117988529063433
FLT3	0.902687944992187	1.16852758680088e-08	0.0868539780406415	0.0104579438494862
FSTL3	0.914376619113438	1.07762493832704e-08	0.0801015151304342	0.00552173197507248
GZMA	0.898135501276146	1.24357328050328e-08	0.0924336513632613	0.00943071410486105
CXCL8	0.911242988191272	1.08398036198358e-08	0.0805712922332382	0.00818558615242563
INSR	0.918089201924662	1.02342712337936e-08	0.076072314059424	0.0058383502774103
KLK6	0.894519086852437	1.19360110169758e-08	0.0887115480620116	0.0167692328160328
LCK	0.913295786912163	1.06297952519016e-08	0.0790106523625237	0.00769342723610975
POSTN	0.911030962569642	1.12665663369326e-08	0.0837466670122339	0.00522223659682167
PDGFRB	0.932338951552198	8.38396693192771e-09	0.0623182658890929	0.00534264875358688
BCAN	0.915810832312877	1.06030193637685e-08	0.0788139276787535	0.0053751062076087
PRKACA	0.91370375296896	1.0805171353039e-08	0.0803160530606886	0.00598006025089093
RPS6KA3	0.915532086450649	1.06283222899561e-08	0.0790019304335427	0.00546584932724288
SELE	0.922864245207368	9.66267598929096e-09	0.0718237925411468	0.00531182844222135
STK16	0.9076873386293	1.10878247979788e-08	0.0824132851344945	0.00989924304343812
BIRC5	0.905706073740874	1.11541418962772e-08	0.0829047745066291	0.011389018759938
MPL	0.910128681878832	1.13375272728226e-08	0.0842737917409172	0.00559739260936387
THBS1	0.91678724606734	1.04947072447916e-08	0.0780089430095816	0.0052036770992812
NTRK1	0.925227335844597	9.201263344762e-09	0.0683927371651114	0.00637979332455191
DUSP3	0.912108957898995	1.08361100455025e-08	0.0805446747882862	0.00734623377685545
AGT	0.914837760837411	1.07340396231297e-08	0.07978788939461	0.00537421596710049
B2M	0.919213720588438	9.43160612282869e-09	0.0701007227743803	0.0106854235500687
FGF1	0.919689860764381	9.98359824128216e-09	0.0742086317759291	0.00610137375653198
CXCL13	0.917611014141743	1.02006961352344e-08	0.0758219994939346	0.00656685272371996
CAT	0.892398584113376	1.35523683648383e-08	0.1007369133187	0.00686436896730424
FGF17	0.917976797484705	1.00288512437516e-08	0.0745436494284733	0.00747941956885787
CXCL6	0.911303673694228	1.12226625046521e-08	0.0834202468852051	0.00527594560647999
IFNA2	0.918281425889398	1.01206876418848e-08	0.0752273188215526	0.00649112163826977
IL17B	0.908571112329938	1.03280290295728e-08	0.0767604482259931	0.0146683068922102
HAMP	0.883954546580776	1.29895643717207e-08	0.0965405761272261	0.0195047453901002
CCL22	0.90014071965677	1.24023171656581e-08	0.0921870092430073	0.00767213760815887
CXCL12	0.911811613579395	1.1140349167897e-08	0.0828082529920394	0.00537999962846291
CPB2	0.910316253828637	1.07941336224077e-08	0.0802305292361748	0.009453083682463
CCL17	0.915305461072681	1.06670580979807e-08	0.0792899408712876	0.00540446425921751
VIP	0.916473760321725	1.02353294114538e-08	0.0760785710136783	0.00744753514234877
DKK1	0.90942357399561	1.14878104424524e-08	0.0853913590639611	0.00518493311411122
DDC	0.90836889422477	1.16100200691589e-08	0.0862996782300085	0.00533129373857378
ADIPOQ	0.909793023195955	1.14123635809038e-08	0.0848303207177896	0.00537652228568681
SERPINA1	0.92302201915367	9.60474606331372e-09	0.0713928876986929	0.00558495937507996
AHSG	0.91640881219179	9.88690875600086e-09	0.0734858706424123	0.0101051840007066
ARSA	0.634269093048555	4.87023373932196e-08	0.362033203961998	0.00369756896324588
BSG	0.904471522398212	1.17362534853363e-08	0.0872350933058452	0.00829325088734961
BMP10	0.914164263104922	1.07202145262131e-08	0.0796843411979712	0.00615126200065432
CAMK1	0.918992202651368	1.01645457602723e-08	0.0755543832591065	0.00545328029927145
CASP3	0.910849383393761	1.12325087143061e-08	0.0834930588391099	0.00565742400430932
CHIT1	0.928928239223391	8.58528757387372e-09	0.0638129001885812	0.00725872704040582
CLEC7A	0.912208647465348	1.11018415516879e-08	0.0825221111331067	0.00526910758654027
GNS	0.913259490672934	1.09407125210519e-08	0.0813241846798873	0.00541619085194026
HGFAC	0.920500174219081	9.47349177622729e-09	0.0704136861422103	0.00908600633665136
IL22RA1	0.890562336361819	1.39093907093846e-08	0.103391716679158	0.00604581324839933
LGMN	0.922842937669816	9.61686445305551e-09	0.0714828826719605	0.00567404589763863
LY86	0.90863394155472	1.1594722968538e-08	0.0861861161810606	0.00517980843721405
MMEL1	0.925119818881613	9.34407303152259e-09	0.0694552916920841	0.00542475563221515
MAP2K2	0.918327872822001	9.64523708219767e-09	0.0716894868546	0.00998250714182073
CDC42BPB	0.892892536052181	1.27420715148024e-08	0.0947079022490649	0.0123994288419839
CADM3	0.88863326941348	1.43126560617507e-08	0.106390526294013	0.00497607043812132
LRPAP1	0.9239039919453	9.50760364364176e-09	0.0706709234210509	0.00542495083958848
PLG	0.91483539928641	1.00945086309504e-08	0.0750290685250041	0.0101353990275562
CDKN1B	0.915295693952855	1.03488312486071e-08	0.076921971076305	0.00778220149356578
PYY	0.867738954706006	1.67647928175006e-08	0.124616222897821	0.00764468890041956
SCT	0.880850556012372	1.52787746110698e-08	0.113571727233435	0.00557758298064312
TNFRSF4	0.901992796760216	1.22913728068827e-08	0.0913633143360033	0.00664375527351271
CSF1	0.907252008701008	1.16113699744901e-08	0.0863086050162619	0.00643925262497904
PTGS2	0.913656820858675	1.08921507968683e-08	0.0809632294249043	0.00537981591629392
TEK	0.916222208719979	1.04110759890032e-08	0.0773860682885197	0.00639158932734635
ADAM9	0.92061482599131	9.88530788516491e-09	0.0734781686159112	0.00590687166348246
ANGPTL4	0.920349439210808	9.91107582028087e-09	0.073669644924321	0.00598078214550693
CDH2	0.922106398441649	9.60958194985004e-09	0.0714279555101974	0.00646551239393307
CA9	0.911535166718463	1.09656660348086e-08	0.0815081403940988	0.00695655929920825
CA3	0.901032375708066	1.23635095845106e-08	0.0918991304302384	0.00706836028848964
CKB	0.902578290521404	1.14035255193979e-08	0.0847573338013623	0.0126642428560509
CST5	0.865331990277827	1.44226518244404e-08	0.107185691920503	0.0274821869718499
ESM1	0.912844629478371	1.08967450024153e-08	0.0809966023951995	0.00615863443096729
EPHA5	0.909169171493015	1.13879478834624e-08	0.0846480164257955	0.00618267838895741
FGF23	0.850003873687991	1.78072713426451e-08	0.132355664252181	0.0176403299073739
FGR	0.91337280986148	1.05873285599127e-08	0.0786947302660104	0.00793232641541091
FYN	0.900758341923404	1.15600713797037e-08	0.0859203865186506	0.0133211388250416
IL12RB2	0.881301673524111	1.52665681289945e-08	0.113481349064065	0.00521684358979562
PRKCQ	0.913996623766272	1.085295615403e-08	0.0806719180390774	0.00533132438800717
MAPKAPK2	0.914626188319558	1.07734648518755e-08	0.0800810449535994	0.00529263291499935
MAPKAPK5	0.877525508810862	1.50044140581534e-08	0.111526852642424	0.0109475054948219
MAPKAPK3	0.913981990316426	1.08701483363594e-08	0.0807998322582611	0.00521804360344566
MATK	0.910408844180318	1.06484561125652e-08	0.0791466199894032	0.0104444027107749
MAPK8	0.919819034271749	1.00706075144493e-08	0.0748562063853607	0.00532462553534663
PAK6	0.912237002912864	1.09697607285878e-08	0.0815393119872332	0.00622355141316373
PTEN	0.918145407668719	1.02462712545663e-08	0.0761616637593169	0.00569279481389797
PTK6	0.913423943506303	1.08656347961259e-08	0.0807656879172052	0.00581023483420812
TLR2	0.91073068843647	1.1177731661434e-08	0.0830853381169203	0.00618383975453413
UFM1	0.912258117136775	1.11076091066801e-08	0.0825650776457963	0.00517667139000226
PPIA	0.913407763137653	1.0860788624706e-08	0.0807296108408414	0.00586249228624488
DYNLRB1	0.907414914279514	1.15991840052834e-08	0.086218090984869	0.00636686106813856
ETHE1	0.914741077523118	1.06096337543777e-08	0.078862075240875	0.00639671357253946
GAPDH	0.922050056692911	9.72606157797558e-09	0.072294636481519	0.00565517306244789
DNAJB1	0.915601674897416	1.0479398441734e-08	0.077893841810785	0.00650434964279693
MDH1	0.919537786272416	1.01037856536883e-08	0.0751028069380163	0.00535927298668031
NACA	0.908447708592761	1.16311948603594e-08	0.0864573210090832	0.00509483655973061
ACP1	0.898249127391298	1.2908822780576e-08	0.0959540782044561	0.00579666066013838
PSMA1	0.889777302763874	1.41315162678298e-08	0.105043790894632	0.00517877251434896
PSMA6	0.911919985593742	1.11191002830839e-08	0.0826502462482509	0.0054296343645751
SBDS	0.91458911362014	1.07033509314465e-08	0.0795592826617303	0.00585146998138887
SEZ6L2	0.906304907929712	1.19025968346485e-08	0.0884747071782089	0.00522025107050749
SGTA	0.922273716630292	9.72349162091477e-09	0.0722757370400439	0.00545041253902381
TPT1	0.918088519573357	1.03316062418561e-08	0.076796593580608	0.00511475301028723
TPO	0.877660859851171	1.16372844440324e-08	0.0864718165818739	0.0358671938639839
UBE2L3	0.908475242467034	1.15790223176005e-08	0.0860691271004047	0.00545549664260484
ARID3A	0.914179097138458	1.07900271375033e-08	0.0802038391533842	0.00561692993989656
CDC37	0.906120863710659	1.19479521098545e-08	0.0888120164029398	0.00506698604423426
DYNLL1	0.883151939010883	1.46364057413088e-08	0.108794095464165	0.00805383208418316
KPNB1	0.905710867213335	1.13240812961035e-08	0.08416931655271	0.0101196830708123
ING1	0.916505118120422	1.04168659789674e-08	0.0774294354156682	0.0060653127559057
LMNB1	0.876959163769048	1.52796006704472e-08	0.113573978741549	0.00946672423851051
LDHB	0.920135305898174	1.0025200167198e-08	0.0745186420467568	0.00534591825038619
MBD4	0.908940573532285	1.08964484718749e-08	0.0809904879153011	0.0100688053824334
MED1	0.914745168787929	1.06227975559338e-08	0.0789600325913811	0.00629466494350892
MSLN	0.905901089727656	1.19304153125464e-08	0.0886813032247393	0.00541747325253906
NAGK	0.91370168833962	1.09369711633346e-08	0.0812967874773703	0.00500139033202603
PGAM1	0.924505207995766	9.4404939694398e-09	0.0701721549764036	0.00532250322000065
PDXP	0.919411369270839	1.01263767606588e-08	0.0752707832373656	0.00531771368332272
PSMD7	0.911303159740016	1.00707472834775e-08	0.0748487220215693	0.0138479855763136
SKP1	0.88781452335867	1.43288362881653e-08	0.106510105523382	0.00567523735752275
SNX4	0.911316703997866	1.12490430606982e-08	0.0836165604672885	0.00506660169262648
DDR1	0.906868866365465	1.17845209059686e-08	0.0875966560886312	0.00553434376654333
FGF4	0.905541940565474	1.15336315938536e-08	0.0857284336322829	0.00872949245227495
AGER	6.90273399278569e-08	1.34523103041385e-07	0.999999795002509	1.44704168911863e-09
BPI	0.92495358685677	9.35947577011716e-09	0.0695697387187242	0.0054765406373775
FST	0.907837158767361	1.13969421436248e-08	0.0847136103312792	0.00744909737932085
GZMB	0.916991939053213	1.04639352064521e-08	0.0777801698793782	0.00522775724684721
IL17D	0.904141278427944	1.1477581769917e-08	0.0853099588338859	0.0105486296326733
IL25	0.920677622462673	9.88007149238211e-09	0.073439266916562	0.00588297688825783
IL20	0.908733081892036	1.15696610602034e-08	0.0859997270805558	0.00526705721212787
IL7	0.875411930128805	1.60324309545531e-08	0.119174320612314	0.00541361546329737
CXCL10	0.901425795002118	1.19009032638105e-08	0.0884572211389075	0.0101168506954516
XCL1	0.911148880102186	1.11167250988439e-08	0.0826318003708406	0.00621918583964876
CCL13	0.907380757396908	1.16926518645761e-08	0.0869135611304511	0.00570554771628893
NTF3	0.918890415186439	1.00584867928609e-08	0.0747650852510453	0.00634436589201464
PAPPA	0.906818785201616	1.17116101428779e-08	0.0870540691719299	0.00612701192674104
PDGFB	0.910138673915411	1.14151423366968e-08	0.0848513437335746	0.00500984850116897
KLKB1	0.926834209632938	8.98146893758175e-09	0.0667588319584614	0.00640682474649251
SELP	0.904933665587005	1.20506149232046e-08	0.0895747529894004	0.00549144763847004
TNC	0.912625748301718	1.10055677589341e-08	0.0818061450639008	0.00556797285954132
F2	0.921044734754909	9.89700347379541e-09	0.073565627080824	0.00538950436544223
PLAU	0.912212835438883	1.02408840904468e-08	0.0761156387834485	0.0116713928230583
CFH	0.916991939733626	1.04684507592145e-08	0.0778137705910675	0.00519415585022955
MMP2	0.925216720999874	9.33421698246571e-09	0.0693820487761542	0.00540109642670576
TF	0.899846255414904	1.26445016842524e-08	0.0939888353865846	0.00616477550387499
H2AFZ	0.909195985815284	1.08132066353346e-08	0.0803713321755204	0.0104325488880981
EIF4EBP2	0.892114484412573	1.24961637729237e-08	0.0928772976132432	0.0150080854679866
PGD	0.918816415350081	1.01811406660347e-08	0.0756776917642926	0.00550575910242622
AKR7A2	0.918455299389888	1.02563519118695e-08	0.0762369852103231	0.00530758158995444
ANP32B	0.915942707285301	1.01582485877465e-08	0.0755044727765835	0.0085526865643864
CFL1	0.917346613075455	1.03237149177009e-08	0.0767371307444059	0.00591612245208619
VTA1	0.920611289691634	9.96775297848523e-09	0.0740916478323314	0.00529692866476973
EPS15L1	0.882397464440042	1.27637407073147e-08	0.0948586394492986	0.0227437646440494
HSD17B10	0.894149481023365	1.3344977821371e-08	0.0991954507557434	0.00665493459212635
FER	0.888482512147494	1.42028634865236e-08	0.105573397092087	0.00594395703610597
SYNCRIP	0.907793290848688	1.10128447661756e-08	0.0818554567576053	0.0103511192616654
EIF4G2	0.91615986054168	1.05603723773175e-08	0.0784969362694603	0.00534306938379506
IGF1R	0.921758025068592	9.81938433972574e-09	0.0729887688078603	0.00525307230638768
IL1RL1	0.856581067254207	1.77774565531777e-08	0.132140392993523	0.011278406744847
LCMT1	0.911021703055707	1.12550351251009e-08	0.0836608527630363	0.00531731037273128
NME2	0.918573168854343	1.02673145146342e-08	0.0763186770973284	0.00510802021167517
NSFL1C	0.916633619727181	1.04411875276377e-08	0.07761054329058	0.00575570323262777
NUDCD3	0.915917098574548	1.05345828335144e-08	0.0783047905110251	0.00577797716780892
PA2G4	0.914051727770825	1.08413010275607e-08	0.0805852461557651	0.00536289227100803
PON1	0.910073777283273	1.08804699568916e-08	0.0808727244147738	0.00905336499551012
PES1	0.909730872197536	1.09960112635617e-08	0.0817321363855732	0.00853685804103411
PFDN5	0.91727951322477	1.03145797426861e-08	0.0766690877631577	0.00605126530218075
GPI	0.920515513641958	9.96083311720344e-09	0.0740400605325736	0.00544429203400737
P4HB	0.90615129468465	1.07615771558986e-08	0.0799841039583855	0.0138644686970795
PSMA2	0.902110624251201	1.21662448767937e-08	0.0904323419722012	0.00745690025560636
RAN	0.91570628167442	1.0427903470408e-08	0.0775107669336625	0.00678281778033723
RBM39	0.912578121916535	1.09753626714283e-08	0.0815813381035039	0.00584040624173241
NAPA	0.918561833367014	1.02785340760344e-08	0.0764021517067164	0.00503588107992266
SPHK1	0.919217188536891	1.00773124775301e-08	0.0749054962844251	0.00587718144539807
SPON1	0.921249591371598	9.83608445919036e-09	0.073112527240037	0.00563774762290078
LCORL	0.869115515459477	1.53800393439722e-08	0.114313502151519	0.0165708500928236
TKT	0.921125017272389	9.89449998517052e-09	0.0735470787171283	0.00532777020336212
TPI1	0.922509491567597	9.7244730415452e-09	0.0722832759068899	0.0052070987021759
DCTPP1	0.903162539799793	1.21174584360816e-08	0.0900703698181898	0.00676695676830665
PTPN6	0.910185600355499	1.12505729210595e-08	0.0836268120858132	0.00618745386709901
AMN	0.915827196858053	1.06085677633854e-08	0.0788552302945896	0.00531743903884744
CST2	0.812120084572528	2.12483536649027e-08	0.157923204093263	0.0299565808369205
BOC	0.91793956690756	1.02589152882546e-08	0.0762555433193373	0.00580475603008219
CLEC1B	0.906394654921272	1.1862212456798e-08	0.0881742925406679	0.00543091874480161
CRP	0.918612109762284	1.01363279764333e-08	0.0753440312384731	0.00604372528833824
ICAM1	0.926516852025698	9.15156111447367e-09	0.0680241883614294	0.0054588258233631
DAPK2	0.911486465537729	1.118601528617e-08	0.0831477339881871	0.00536566667205536
DYRK3	0.906057024637113	1.11314560309789e-08	0.0827363178591125	0.0112065244866922
GDF15	0.909474738344624	1.14686774690323e-08	0.0852490397781903	0.00527608806311984
DHH	0.91337467758889	1.09465179399886e-08	0.0813674987252732	0.00525768986929789
FGF12	0.914814098162933	1.07026044260899e-08	0.079553953045322	0.00563181502548438
FGF16	0.914259517931215	1.08362371968679e-08	0.0805477736482284	0.00519257459526777
IFNL1	0.912549152718379	1.10526210513219e-08	0.0821561969722772	0.00529451649775437
IFNL2	0.910871775741776	1.03023375452613e-08	0.0765715781104145	0.0125565133121493
SLPI	0.910135799822081	1.13462427736613e-08	0.0843386518397824	0.00552541455757552
ADAM12	0.911976375836661	1.10318973810797e-08	0.0820014165754597	0.00602207387406434
BCL2L1	0.904217634238577	1.14956639642485e-08	0.0854445868079108	0.0103376458196617
CHST6	0.881045195878957	1.46479171074816e-08	0.108877643918641	0.0100770270335273
COLEC11	0.929613721200939	8.66667234425568e-09	0.0644191791367019	0.00596696594113877
ENPP7	0.917521662449805	1.03357136379343e-08	0.0768265897294552	0.00565161405714047
ENTPD3	0.882442009570546	1.13510686499949e-08	0.0843468401861783	0.0332110201833456
ENTPD5	0.911067071876068	1.1163941095872e-08	0.0829830577639842	0.00594973663641141
FCRL3	0.822180512148105	2.30874077744799e-08	0.171617872894641	0.00620148126754909
LRRTM3	0.921896816483401	9.79151928535969e-09	0.072781560888735	0.0053214888198983
MFGE8	0.915827830267832	1.04563586401321e-08	0.07772262656492	0.00644940951086143
PCSK7	0.889485600956572	1.26481377013432e-08	0.0940055203517218	0.0165087463871811
PDPK1	0.910631123161981	1.11519799024802e-08	0.0828936168596413	0.0064751263254481
SIGLEC1	0.917195632670402	1.0454593102298e-08	0.0777108581808435	0.005093375310133
SPARCL1	0.922135843523558	9.75448002125857e-09	0.072506187029835	0.00535783564352588
SPHK2	0.911964311725157	1.08939872855021e-08	0.0809752007296617	0.00706035397090058
CHST15	0.921771573140696	9.82070463235424e-09	0.0729986068081399	0.00522968623086133
TPM2	0.905484095747383	1.09995319356651e-08	0.0817540830551539	0.0127616883893761
SERPING1	0.916726662510439	1.04738400797566e-08	0.0778536075587659	0.00541959613601549
FGF7	0.915894645432437	1.06048919599826e-08	0.0788279457644708	0.0052772749891851
IL11	0.919317057797265	9.98631498713344e-09	0.07422847419615	0.00645433435086157
MMP12	0.922635058195508	9.65191355075353e-09	0.0717434786685713	0.0056213293682506
NCAM1	0.920377795889585	1.00290919791986e-08	0.0745478441688093	0.00507422610041142
PDGFA	0.911789434807815	1.11983828738298e-08	0.0832400658031643	0.0049703655338684
BST1	0.656576733345937	4.56056624500995e-08	0.339012844518122	0.00441028820551994
CBX5	0.895348151918119	1.22061248052656e-08	0.0907223235423249	0.0139293918883956
CDON	0.919176062969606	9.68202051334213e-09	0.0719640453387503	0.00885975835918203
CLU	0.922765130341504	9.52778652205461e-09	0.0708199663759647	0.00641476962149114
COL23A1	0.902959754769751	1.14064845248849e-08	0.0847797339237786	0.0122603784310129
ADGRE2	0.916549226680366	1.00505497303942e-08	0.0747036811880695	0.00874695878394416
FLRT1	0.912645630821663	1.07372829984503e-08	0.0798098293725893	0.00754440629651716
FUT3	0.879786580033689	1.40948383003403e-08	0.10476086549132	0.0154524220285072
FUT5	0.896211627751485	1.31990329737836e-08	0.0981115237483912	0.00567671473989736
ADGRG5	0.913379367881469	1.08997872534459e-08	0.0810197753842127	0.00560072296387862
HDGFRP2	0.9150539112698	1.05541706744061e-08	0.0784496816783959	0.00649627340171673
IL34	0.90405592706911	1.15018257679778e-08	0.0854902755793569	0.0104536642332735
KIRREL3	0.908054213221345	1.1271047531742e-08	0.0837770323325611	0.00816862102075048
KYNU	0.907158012574225	1.15540759457597e-08	0.0858821799310968	0.00695967390686561
NXPH1	0.918162357543762	1.02287152755675e-08	0.0760310448089547	0.00580646390449451
PLXNC1	0.62494182953172	4.97961657313769e-08	0.370163161001319	0.00489487560166455
RSPO2	0.901634363271821	1.10729315581792e-08	0.082296403909222	0.0160691004553484
SH2D1A	0.909335637221247	1.10258346270897e-08	0.0819536595923029	0.00871056983393921
SLITRK5	0.803025080266377	1.34163388397132e-08	0.0996352400960919	0.0973395581957438
SORCS2	0.912099227954902	1.11315325606486e-08	0.0827429355769517	0.00515770263817017
PPY	0.887558997206715	1.40244553187832e-08	0.104244918397056	0.00819595097455957
IL6	0.906576357749861	1.1496157832621e-08	0.085450622820199	0.00797288597829217
HIBADH	0.904939894526376	1.2042674290058e-08	0.0895156721241432	0.00554429957145921
CSF2	0.921617478160676	9.80850684993153e-09	0.0729076875554241	0.0054747004965249
LTA	0.909439847308398	1.11489212674943e-08	0.0828696647611314	0.00769035444085292
EPB41	0.904095927442795	1.21658268414224e-08	0.0904312186170474	0.00547272015251704
HSD17B1	0.895161687007821	1.34161083334905e-08	0.0997257537226214	0.00511242543349705
APOD	0.884636312424934	1.38237382053364e-08	0.102748435279972	0.0126151194673087
IL3	0.913447962504789	1.09336983435416e-08	0.0812721800954389	0.00527972358619322
PPIB	0.925189752885838	9.24969920622612e-09	0.0687531159695216	0.00605699743551899
PDIA3	0.911412938716788	1.0990208847027e-08	0.0816906437341112	0.00689628395276996
AFM	0.898769030645283	1.27397121688839e-08	0.0946962284815329	0.00653460722824798
OLFM4	0.904080505634779	1.21500987040988e-08	0.0903141684279728	0.00560519216741049
SMPDL3A	0.920823718335607	9.91996416560083e-09	0.0737362588063293	0.00543988906600976
SERPINA6	0.714495322353366	3.76424336375974e-08	0.279815583892051	0.00568895999600318
LPO	0.910715307051981	1.12431575225675e-08	0.0835721635496197	0.00571239564296847
COL8A1	0.863618755839063	1.69917221304542e-08	0.126300703860095	0.0100804071324213
ITIH4	0.919663099165198	1.00851463273403e-08	0.0749642351556778	0.00537253187801865
SELL	0.892066396291335	1.34723033089747e-08	0.100140808155294	0.00779266207750338
TNFRSF10A	0.915462201684085	1.05327856378225e-08	0.0782909620333814	0.00624670259890731
CSF3	0.92532151652555	9.2895716840291e-09	0.0690499432364589	0.00562840647127232
GPC3	0.920557539515008	9.97827848153601e-09	0.0741699154221655	0.00527241124826644
IL1A	0.915666043275122	1.05657039986564e-08	0.0785361151223746	0.00579770785853641
BMPR2	0.92097492714546	9.65625234547919e-09	0.0717741023110589	0.00725083699479757
NTRK2	0.921606763854729	9.71619368487155e-09	0.0722207646970026	0.00617233775464762
ANG	0.924558281256202	9.39461972955847e-09	0.0698308529779461	0.00561073199675764
F9	0.901221833835979	1.25919605175719e-08	0.0935992479020059	0.00517878443487235
GDF2	0.916495802014782	9.72057705323083e-09	0.0722482657311255	0.0112557992436299
CCL7	0.908272177613615	1.1412111392693e-08	0.0848269217901882	0.00690076700046769
WNT7A	0.914345670624291	1.08057429371974e-08	0.0803209488398392	0.00533324672948443
GCG	0.896783514600414	1.28996441387379e-08	0.0958843118688854	0.00733203999293062
CASP2	0.908284240941489	1.13741591804947e-08	0.0845445273959308	0.00717109810318239
COTL1	0.921165246087095	9.90485560831744e-09	0.0736241762855074	0.0052104438045102
F5	0.917517681106903	1.02922532453568e-08	0.0765031923152056	0.00597899285828619
ENG	0.881866970524519	1.51569704585181e-08	0.112666386940368	0.00546650874663723
LGALS8	0.907238895310493	1.16128276820019e-08	0.0863194388472289	0.00644153218483465
PLA2G1B	0.914711230784882	1.07789898788113e-08	0.0801222423974919	0.00516639298881696
GSTP1	0.911225014488592	1.10842588869876e-08	0.0823902920270144	0.00638455981929285
GOT1	0.866562530917247	1.71552984805533e-08	0.127520839696602	0.00591649565814853
CCL16	0.901972356604581	1.11385410451218e-08	0.082784949449698	0.0152425614710346
LYZ	0.904657439266	1.20591116886702e-08	0.0896377018270316	0.00570472515050642
CCL19	0.871635074655873	1.53517353600414e-08	0.114105411261815	0.0142593814754978
AMH	0.752959165258721	3.22847533023377e-08	0.239987013905417	0.00705368726068435
MMP1	0.924778378980322	9.46666030049446e-09	0.0703671348885336	0.00485435226040102
MMP13	0.90409300070378	1.08433757723036e-08	0.0805907158561703	0.0153161509752534
SHBG	0.903152914720939	1.23312728091896e-08	0.091661375799562	0.00518557565326945
STC1	0.915980792430697	1.05778161978562e-08	0.0786265583561883	0.00539251541469498
F3	0.911424705626953	1.12007006658889e-08	0.0832569476474221	0.00531821291721976
EREG	0.90147774748116	1.25489648576961e-08	0.093279568768667	0.00524254993159962
ANXA1	0.917388269351882	1.04070635682232e-08	0.0773573786644146	0.00525421816669682
CDNF	0.924299082230041	9.15757198350788e-09	0.0680666958906446	0.00763408838213633
ARPP19	0.919023189910873	9.91234723790301e-09	0.0736777781017607	0.00729889844514202
ERAP1	0.918074305019447	1.02096157542816e-08	0.0758888350878439	0.00603672618086305
ATP5B	0.903784851301841	1.18928915164412e-08	0.0883999662879731	0.00781504893732589
C1QBP	0.899365004128491	1.2854521652641e-08	0.0955511346982883	0.00508372733330366
CAPG	0.920653422712945	9.93350458622903e-09	0.0738368440581551	0.00550959944621444
CA2	0.86920660192952	1.69316377671133e-08	0.125859203127201	0.00493406108324822
CTSZ	0.921832313841168	9.55135461958534e-09	0.0709944053597398	0.00717314723996853
BIRC3	0.909079938028323	1.15210576298254e-08	0.0856384109607387	0.00528151719760083
CRK	0.919726508226586	1.01175672081006e-08	0.0752055458691194	0.00506781206223866
DBNL	0.911222539828003	1.11402346992751e-08	0.0828068115552877	0.00597051489596608
DPT	0.922748769678761	9.57328901947656e-09	0.0711585389483789	0.00609255766851878
DSC3	0.913558567884398	1.08663295272677e-08	0.0807709922450823	0.00567030610943216
PI3	0.903487938010713	1.22018098711741e-08	0.0906983635914237	0.00581356465602815
ESD	0.862853560445131	1.56219736445912e-08	0.116107492931344	0.0210388149277899
FABP5	0.902980165800398	1.2253898063674e-08	0.0910854491216854	0.0059342513522996
PTK2	0.915182991341114	1.06038542750412e-08	0.0788195118732951	0.00599736306845467
FCAR	0.9108674781339	1.03531520011909e-08	0.0769496896092886	0.0121826993709149
FGFR4	0.924046765116863	9.37479015299993e-09	0.0696827869499182	0.00627031425276429
FGG	0.913739941072076	9.76911227701883e-09	0.0726066629018644	0.0136532633377893
GP1BA	0.919795644581532	1.00431314378248e-08	0.0746517305477382	0.00555249109380908
GPC5	0.888734639528868	1.14909399519928e-08	0.0853939364322318	0.0258712929925941
GRN	0.919755877199905	9.2268070235578e-09	0.0685773334744123	0.011666656370436
GSTA3	0.919635586685176	1.00833031639246e-08	0.074950492439565	0.00541378707969788
HPGD	0.914048837068873	1.07067453124525e-08	0.0795839997963575	0.00636702946731304
HRG	0.907619030393027	9.09082171299218e-09	0.0675533032384815	0.0248275351819163
EIF4A3	0.917590774047883	1.02414014604902e-08	0.0761248719119253	0.00628422036160614
SCGB2A1	0.88908060995118	1.42244990710341e-08	0.105734988486769	0.00518426773564553
MMP14	0.918528122937105	9.39428273868537e-09	0.0698223091974953	0.0116494349078383
MAPK11	0.912629778655853	1.07784663016818e-08	0.0801162628681339	0.00725382492773133
MAPK12	0.918894861726257	9.95864069747859e-09	0.0740221242285305	0.00708288047395854
MAPK13	0.914839873776617	1.07570869683764e-08	0.0799593892703803	0.00520060312879311
MAPK14	0.914763644298453	1.07606591812551e-08	0.0799858941826368	0.00525032770138213
SOD2	0.915556832666926	1.03121306125438e-08	0.0766491391186587	0.00779389473871384
MSN	0.922979177742308	9.62501668714583e-09	0.0715436806941126	0.00547700777651475
NAMPT	0.917257666269633	1.03958453704793e-08	0.0772737721214692	0.00546842782067897
CLIC1	0.891190658458371	1.20333388061753e-08	0.0894324427892954	0.0193767668332378
NCK1	0.915765902829241	1.05824832065399e-08	0.0786610709621689	0.00557289243441024
PLA2G7	0.900583533949053	1.24670429310656e-08	0.0926690838429328	0.00674724859165512
PRDX5	0.916105491842713	1.0099349826288e-08	0.0750663637413311	0.00882801107922632
PRDX6	0.847218755241795	1.92085624565918e-08	0.142780033381558	0.0100010781975656
UCHL1	0.915601794580778	1.05352056826433e-08	0.0783091095783464	0.00608896213604926
PGK1	0.92188877623166	9.78646460763587e-09	0.0727439404429323	0.00536714952357806
PPA1	0.919425240415668	1.00939055008988e-08	0.0750291750059736	0.00554545080049091
ADSL	0.866706537017738	1.41311835714673e-08	0.105018221402707	0.0282751108562949
RB1	0.888814452332359	1.12439273267331e-08	0.0835559689642948	0.0276294478933157
RPS3	0.887393936159514	1.42942482551885e-08	0.106252311262815	0.00635361890841159
CD163	0.908820595560025	1.13479523047203e-08	0.0843500561222539	0.00682921471237753
SIRT2	0.911923746274045	1.11565079471762e-08	0.0829286044416664	0.00514751545294236
SPTAN1	0.911761977376617	1.03337684405744e-08	0.0768063498565771	0.0114315397799615
SSRP1	0.915567718518355	1.04594471131575e-08	0.077745347850833	0.00668680000632957
TPM1	0.914662493904878	9.95161853184926e-09	0.0739656349381208	0.0113717381621204
TYMS	0.920211859401265	9.55285581438985e-09	0.0710039538340864	0.00878405342201225
TNFAIP6	0.414435455605374	7.77016956071635e-08	0.577600475967867	0.00796393497390854
CD274	0.898480848694171	1.27863155644319e-08	0.0950427208612177	0.00647629679183946
ICOSLG	0.919387009758247	1.01357935404543e-08	0.0753408301189753	0.0052720263081658
CD226	0.886643638568497	1.36242493918152e-08	0.101266027020528	0.0120902015126476
CD83	0.911311128647145	1.08029455630295e-08	0.0802970956995336	0.00839164225795002
CD300C	0.920207814441461	9.98997940658429e-09	0.0742566331815774	0.00553541859774502
CD55	0.90864093919746	1.15513239750538e-08	0.0858631866340066	0.00549574038398641
TNFRSF6B	0.907691033700642	1.11426184728957e-08	0.0828210144280801	0.00948781862321968
EPHA10	0.921156814344637	9.68425364046346e-09	0.0719826450108512	0.00686040704335999
EPHB6	0.910153025919429	1.08012749873508e-08	0.0802835055051071	0.00956333533755499
IL1RAPL2	0.91706998366271	1.04457556597955e-08	0.0776449720512871	0.0052849104731222
IL20RA	0.915479939233901	1.04180778434368e-08	0.0774374268235552	0.0070825003712381
IL22RA2	0.888216001935174	9.41593281936791e-09	0.0699530672956152	0.0418308018676806
IL23R	0.914505629949515	1.05198028502847e-08	0.0781933981935121	0.00730083831500949
IL7R	0.869972221665411	1.66273709781589e-08	0.123595887797841	0.0064317568779911
LILRB1	0.912744976692974	9.92489351883847e-09	0.0737648518213675	0.0134900387754529
JAG1	0.838353347750645	2.03298897107741e-08	0.151115075114222	0.0105314440273265
JAG2	0.89431253944725	1.33638992940574e-08	0.0993364106791745	0.0063509162039532
AMICA1	0.921067774376017	9.6641429011531e-09	0.0718329097198456	0.00709918233507475
KIR2DL4	0.920568114809678	9.93882322553665e-09	0.0738763352287221	0.00555541618507215
KIR3DS1	0.909363614643882	1.09645640952481e-08	0.0814977670178922	0.00913848504322026
SCARB2	0.914321623857912	1.04686469178519e-08	0.0778125572392424	0.00786568543679052
MICB	0.917467002244696	1.0027566963814e-08	0.0745335826585	0.00799928164870422
CD200R1	0.901946930794317	1.23638572594131e-08	0.0919026329870491	0.00615030252205287
NOTCH1	0.918750600527417	9.96138065259282e-09	0.0740423681219287	0.0072068977960664
NOTCH3	0.917783160790068	1.03297791091549e-08	0.0767826920262917	0.0054340133907972
NRCAM	0.910956696277584	1.11946532742902e-08	0.0832114798819239	0.00583169010109253
NRXN1	0.918644722791714	1.01695582069879e-08	0.0755913335834247	0.00576380987633901
CD200	0.910480156644546	1.02458139514393e-08	0.0761505879928632	0.0133691226361354
PRLR	0.916321897627945	9.45057926721585e-09	0.070239009252728	0.0134389604022577
ROBO2	0.870692858735849	1.61877535888166e-08	0.120325369148598	0.0089816387994713
ROBO3	0.89362542832157	1.16105326259439e-08	0.086288733993747	0.0200857058608594
SEMA6B	0.888547751258048	1.33105750830135e-08	0.0989338489626625	0.0125182669384886
SLAMF6	0.878413267016011	1.3103874743008e-08	0.0973856249974454	0.0242009767157671
SCARF1	0.873908283471553	1.34837148747582e-08	0.100207546545114	0.0258840389387401
IL27RA	0.930755628142385	8.40238680198319e-09	0.0624537452035069	0.00679049304356035
UNC5C	0.897639875885685	1.22339645685698e-08	0.0909317762166127	0.0114282149104119
PDE7A	0.910417070973134	1.09726210697303e-08	0.0815587743376276	0.00802402124446301
NMT1	0.915506136410444	1.06448900544097e-08	0.0791251869646168	0.00536854282329797
PPID	0.906315831556532	1.1886516082112e-08	0.0883550595134361	0.0053289751230732
PSME3	0.911053845748425	1.11699702570599e-08	0.0830279081577862	0.00591811236600267
PDK1	0.867859132972977	1.51015371262069e-08	0.112239879725178	0.0199008554531799
KIF23	0.917529804261444	1.02409933065951e-08	0.0761217737643173	0.00634828830426458
IMPDH1	0.884161907486132	1.4751645836981e-08	0.109652620319689	0.00618533850230647
HMGCR	0.885695613795647	1.4700367069734e-08	0.109272584770494	0.00503166758694601
NR1D1	0.919117036727708	1.01552637830178e-08	0.0754854400327721	0.00539738944175505
PPIE	0.921823098579917	9.78625615481909e-09	0.0727423235798261	0.00543444404747125
MAP2K4	0.893417809764493	9.10138238852911e-09	0.067617670916557	0.0389643900322064
PDE2A	0.919914780674961	9.96576398314345e-09	0.0740761502989688	0.00600893531048967
PPIF	0.916970965747382	1.04496136235755e-08	0.0776735804553079	0.00535531999389055
STK17B	0.919428567899098	1.01135070676563e-08	0.0751750356912662	0.00539626261171956
IMPDH2	0.89511190737113	1.34049601919434e-08	0.0996427493796892	0.00524520943096404
PDE1A	0.917087901567822	1.04008471105401e-08	0.0773108206695001	0.00560114399229489
PDE4D	0.912065531146145	1.10079376020476e-08	0.0818232185419354	0.00611111661007122
TYK2	0.902343914705447	1.23928897993647e-08	0.0921190646029803	0.00553688691255361
CALR	0.907815445260152	1.09123985347989e-08	0.0811080477845761	0.0110763739206985
GRAP2	0.900695117964596	1.26732636761073e-08	0.094203706156225	0.00510104204158866
VAV1	0.905439133535781	1.14083334432535e-08	0.0847959737840474	0.00976475946933032
SLC25A18	0.903961867395542	1.19961045006758e-08	0.0891681623348026	0.00686983666977097
CCL11	0.901571261787086	1.24879276123895e-08	0.0928254777068057	0.00560312673599206
ANXA6	0.903465810544584	1.22471337537237e-08	0.0910356012988949	0.00549845437233848
CD86	0.9124672923205	1.05414875114763e-08	0.0783527156981631	0.00917985869189163
S100A9	0.918264922254432	1.02169477635204e-08	0.0759435841607598	0.00579135983998772
CASP10	0.885617872003912	1.46844098979777e-08	0.109153767929339	0.00522822624625006
CPE	0.908162619698923	1.15260491031517e-08	0.0856746348108699	0.0061626117952793
CKAP2	0.90997667505679	1.13803055489913e-08	0.0845919573096921	0.00543123384030097
CPNE1	0.913783832827026	1.09430986727894e-08	0.0813424651572375	0.00487356814757552
CCNB1	0.898225252897213	1.2487447206986e-08	0.0928185536001243	0.00895606018314169
DLL1	0.920115168785667	9.31470614555993e-09	0.0692317598926455	0.0106529382302074
GPC6	0.917532940999712	1.00944105720036e-08	0.0750310391002133	0.00743588637626093
HNRNPA2B1	0.916709884149328	1.04996174773011e-08	0.0780454031354287	0.00524457889694289
IL1RN	0.867968223655241	1.70735434586224e-08	0.126913898935376	0.00511774357403752
KRT18	0.918487868246124	1.02406129828816e-08	0.0761199027580297	0.00539209519736991
TNFSF14	0.917692647438861	1.03796901092082e-08	0.0771539945113153	0.00515322421924618
NLGN4X	0.90314950093304	1.23372862327543e-08	0.0917061189101897	0.00514424632498484
OMD	0.896060604631425	1.04550355649991e-08	0.0776929944060513	0.0262462699666096
PIM1	0.918672311915925	1.01647448336592e-08	0.0755555443744775	0.00577200996217659
SEMA3E	0.901285526349415	1.2506302660875e-08	0.0929619223861589	0.00575241751437349
SET	0.911442775195008	1.10977362524349e-08	0.082490796523323	0.00606629457379658
TNFRSF13C	0.918579969042878	1.02644435972969e-08	0.0762973211013949	0.00512257602103077
LEPR	0.868255867608853	1.69543484367297e-08	0.126027243962412	0.00571675467389007
TNFRSF21	0.920950794651717	9.63707608487965e-09	0.0716313855485317	0.00741768627349217
CD27	0.903794998132528	9.67431919502675e-09	0.0718913425421993	0.0243135280696221
SIRPA	0.924440089749738	9.14007865849859e-09	0.0679366673371623	0.0076231094144464
TNNI2	0.898949127766935	1.2768502944969e-08	0.094910644002756	0.00614009453235581
TNNI3	0.910086170366239	1.10625111642203e-08	0.0822273249118933	0.00768637123171523
NPPA	0.917906302772793	1.00599724868317e-08	0.0747751553611215	0.0073184083264829
ASGR1	0.91183355091694	1.10939935890592e-08	0.082463338131837	0.00570297719452625
CNDP1	0.888319194307711	1.42115817751728e-08	0.105638107328936	0.00604256465229202
COLEC12	0.92106236000754	9.89763734953998e-09	0.0735703614609249	0.00536714472970522
CST1	0.895376654636243	1.26370876530253e-08	0.0939291927118943	0.0106940195659044
DDX19B	0.904534401951117	1.2046149735595e-08	0.0895411273875272	0.00592433693440581
FCN3	0.913696238884636	1.044230038303e-08	0.0776158838450056	0.00868774391477981
HS6ST1	0.923791908625927	9.38210417623615e-09	0.0697369562673601	0.00647100145322953
PRKCG	0.918795465205331	1.02343902460201e-08	0.0760739066124752	0.00513049434856059
RASA1	0.919927614946963	9.98603359122173e-09	0.0742269914674778	0.0058452598479834
RPS3A	0.909448308918223	1.14991763972751e-08	0.0854759591089826	0.00507559813178292
ICAM2	0.910173637879222	1.13469967727266e-08	0.0843443003033998	0.00548192803097408
SLAMF7	0.926915616766847	8.90530873824338e-09	0.066192197259075	0.00689205237717851
STIP1	0.916224756608216	1.053920824238e-08	0.0783395166390867	0.0054355929600672
SPOCK2	0.895540785517373	1.08451030926043e-08	0.0805950082541378	0.0238640749124365
WNK3	0.914674208643763	1.06412614569005e-08	0.0790973534218607	0.00622830424827692
CTSD	2.68941498876863e-14	1.34523112469633e-07	0.999999865090013	3.86849462898737e-10
EGF	0.914135475211347	1.01877610769034e-08	0.0757222693231735	0.0101421223053528
FGFR1	0.887113408945071	1.43154791098571e-08	0.10641001151482	0.00647644588735655
TNFRSF10B	0.916864836253203	1.02111360372277e-08	0.0758989369962201	0.00723609319991198
FGL1	0.874421209363475	1.6096106514621e-08	0.119647145551775	0.00593151135876441
RYK	0.925028963848987	9.37927906185979e-09	0.0697171725828449	0.00525372975109725
ZPLD1	0.920345707428637	9.93643791678023e-09	0.0738583632611343	0.00579579556600488
GREM2	0.91869725308849	1.01802048821033e-08	0.0756706092144247	0.0056320039308499
PCYOX1L	0.923032389172878	9.63394213831659e-09	0.0716101491954843	0.00535732782848968
PGLYRP2	0.910721627979795	1.06506030353771e-08	0.0791629085685814	0.0101153302878973
HPSE	0.886478208676078	1.45814090295206e-08	0.10838818864999	0.00513346884069902
MFNG	0.921194436123635	9.87887300436448e-09	0.0734308661701152	0.00537456390541804
FAM19A5	0.912765969625185	1.10240905356324e-08	0.081944115387884	0.00528978117470411
FAM171A1	0.917601932500637	1.02485558394902e-08	0.076178119580794	0.00621981423132763
DEFB108B	0.910533286034033	1.13262387012588e-08	0.0841901972819044	0.00527638287003671
HINT2	0.914906521479269	1.0712000886968e-08	0.0796239656314395	0.00546937910120123
LAT2	0.903779080470318	1.19897551107445e-08	0.0891207328753862	0.00710005308534932
FAM172A	0.898598438835485	1.28103825817397e-08	0.0952219238186507	0.00617950365320732
NPFF	0.924243174350802	9.47042561094621e-09	0.0703946172258339	0.00536207462085272
FAM3B	0.92669576328104	9.141731134179e-09	0.0679512215171863	0.00535288139802649
PAM	0.913898663402431	1.0271670267401e-08	0.0763464095342142	0.00975479385117527
THSD1	0.817516724168373	2.36878853377424e-08	0.176081422202236	0.00640171996659839
CD300LF	0.916263086173574	1.04347681263834e-08	0.0775624049348334	0.00617437519824508
CTRC	0.914328567995571	1.06578755817498e-08	0.0792206349149352	0.00645066343327625
GNRH1	0.894171279924535	1.32161292467545e-08	0.0982366965533894	0.00759189001922533
SEMA3G	0.923222772835141	9.45715784930021e-09	0.0702948689694656	0.00648222454341874
KLRC1	0.91492367600493	1.07684310537424e-08	0.0800438857088762	0.00503230443936562
CD300A	0.923053847395391	9.62782428132394e-09	0.0715646470470498	0.00538137175764261
MLN	0.879444644766999	1.55112355043575e-08	0.115300086281526	0.00525513513459299
CRTAC1	0.925018174075614	9.31732763689986e-09	0.0692561746039176	0.00572551756680038
POFUT1	0.914410210749336	1.02915391826196e-08	0.0764947683166576	0.00909488763314307
MFAP4	0.918475849749994	1.01819411585297e-08	0.0756833074080022	0.00584070910381644
NTNG1	0.91162612392831	1.03097829293632e-08	0.0766277351131339	0.0117460080139739
LCN8	0.919162709101333	1.00496023549664e-08	0.0746992477650688	0.00613790943535077
RNASE6	0.899446201117065	1.25739666886729e-08	0.0934635764864992	0.00709008882614975
CTRB2	0.9228251781839	9.20538626460362e-09	0.0684210116900207	0.0087536767793604
PSG4	0.909336409370473	1.00803506018694e-08	0.0749182126213704	0.0157452456010264
PDIA6	0.907482516140949	1.15507477438628e-08	0.0858577392532959	0.0066596109776176
PSG7	0.913819385734266	1.08707740849404e-08	0.0808043257530004	0.00537615471211423
PRSS37	0.915312115273345	1.04607148131895e-08	0.0777545250832037	0.00693322605208547
TMX3	0.909756353157057	9.84855501511051e-09	0.0731938172357631	0.0170496973753525
ENDOU	0.897576444971928	1.24283879836126e-08	0.0923784381456069	0.0100449837092847
ST3GAL1	0.91876215647796	1.0082967510984e-08	0.074947120505509	0.00629058933880173
F13B	0.919265180038859	9.89029871294693e-09	0.0735139549020364	0.00722073150637649
SOD3	0.916251085909465	1.04753603819484e-08	0.0778644442372417	0.00588433612096863
IL18	0.913727721791461	1.07653491746845e-08	0.0800197559656979	0.00625238855997884
DEFB106A	0.911063697225483	1.08411093375824e-08	0.0805808287481673	0.00835534062609922
SEMA3B	0.904924128553617	1.14487740222101e-08	0.0850963809362981	0.00997935732808373
SIRPB2	0.909086214009426	1.14835050214457e-08	0.0853589842680894	0.00555466794585648
CTRB1	0.917474061094905	9.96365384928962e-09	0.0740580054042284	0.00846780011572931
ASIP	0.895466926012114	1.03272417671188e-08	0.0767414728164957	0.0277914703831344
C2orf66	0.913123272758737	1.09290606698365e-08	0.081237345654631	0.0056392478213699
DEFB103A	0.909576756585923	1.06501073343255e-08	0.0791580739864796	0.0112650364183776
OBP2B	0.928572220360111	8.89278632513894e-09	0.066100674906068	0.00532697092659237
VASN	0.851584828501669	1.85501288365963e-08	0.13788492884509	0.0105301095452551
PRKCSH	0.913082795376075	1.06211150812316e-08	0.0789458490795217	0.00797122209253202
CBLN4	0.914249472291525	1.08107912464669e-08	0.0803584175543511	0.00539197635563131
DEFB112	0.91074536713263	1.11979535907899e-08	0.0832358263492275	0.00601867280387038
TUFT1	0.90745842979554	1.17269261998547e-08	0.0871686778747928	0.00537275852859232
CRISPLD2	0.917076773122208	1.01660746896852e-08	0.0755638428392409	0.00735925050443833
CLEC3B	0.888883407201363	1.38989102378626e-08	0.10331204975976	0.00780440956458736
OLFM1	0.906443816386371	1.17866986696835e-08	0.0876124355858167	0.00594361430345404
GZMM	0.913927300905394	1.05373505953357e-08	0.0783233939330017	0.00774917167989171
ELK3	0.915374406956894	1.06511374112215e-08	0.0791715423534273	0.00545391689951123
LEAP2	0.906127975028937	1.19338878995469e-08	0.0887073702284208	0.00516452091358169
IFNA6	0.916486047234107	1.04598073299565e-08	0.0777489475106444	0.00576487150686865
ABHD14A	0.91283550371777	1.10184829750757e-08	0.0819024585338024	0.00526190393245606
CSAG1	0.883979384306092	1.49205483554642e-08	0.110909259316627	0.00511122254105882
CILP	0.904062876825241	1.21521195379015e-08	0.0903291880219524	0.00560780138331966
FAM189A2	0.913638996851483	1.06776037951859e-08	0.0793667443993949	0.00699412516594028
PRCP	0.910576201312022	1.13375053787521e-08	0.0842740767922579	0.00514958806465419
INSL3	0.858095666955912	1.76218406359225e-08	0.130983954427331	0.0109202455611996
SBSN	0.910055187647228	9.74784428422717e-09	0.0724447170506919	0.0174999631307621
SPAG11A	0.887477157501121	1.0364078570361e-08	0.0770075816414785	0.035515131107117
B3GALTL	0.900525905263357	1.23354416354232e-08	0.091689766841939	0.00778419441769831
FCRL1	0.91665987291631	1.01764701043919e-08	0.0756407789142029	0.00769921468106048
CXCL14	0.907120238808093	1.05326111386067e-08	0.0782813132517431	0.0145983153788975
SPINK6	0.90489817876149	1.18406890660107e-08	0.0880126367137241	0.00708905095436211
PVRL4	0.908396142539655	1.12943379131383e-08	0.0839506808228929	0.00765304314282209
C1GALT1C1	0.907743734381385	1.16159102801924e-08	0.086342882134508	0.00591324975566818
TREML2	0.923426169537036	9.30658357598045e-09	0.0691746332992712	0.007399063634929
SEMA4D	0.908914641445765	1.13934897657325e-08	0.0846889993795627	0.00639622551114006
KRTDAP	0.872825969293773	1.49152115037955e-08	0.110858382651531	0.0163155157242022
ROBO1	0.919569397789617	9.98642177054606e-09	0.0742295213755615	0.00620094714504646
ACP6	0.914041499629486	1.08505511505002e-08	0.0806540670714055	0.00530429948883287
CARTPT	0.918154066724427	1.02722998430849e-08	0.0763553539377643	0.00549044555254946
MENT	0.919499547253112	9.80261282938803e-09	0.0728617094669965	0.00763860978332051
PI15	0.884727163355705	1.23056535798259e-08	0.0914522961760462	0.0238204091463271
ASAH1	0.913037520214248	1.09087266284938e-08	0.081085952040038	0.00587639401232075
CLPS	0.896724712856903	1.05441226881178e-08	0.0783565659894424	0.0249185899793168
LETMD1	0.912705723187541	1.09971398630779e-08	0.0817435122444878	0.00555063079080088
FAM19A1	0.876373413176711	1.56067846562288e-08	0.116008003432533	0.00761844989147634
INSL6	0.908721476571398	1.15716513091907e-08	0.0860145251191726	0.00526386449371972
PAPPA2	0.907770885847373	1.16123970899507e-08	0.086316767288859	0.00591221313518887
GNAS	0.91848760058202	9.66246028583354e-09	0.0718178064424118	0.00969445975528036
KLK9	0.911174284529419	1.01955389303416e-08	0.0757771810071522	0.0130484016938735
SPAG11B	0.916208183271873	1.05446805160315e-08	0.0783802198226159	0.00541146310963737
DEFB104A	0.91682704507784	1.04349349660822e-08	0.0775642109303785	0.00560861022240322
GALNT2	0.920854001293149	9.75983503583392e-09	0.0725447511404392	0.00660111393041382
AFP	0.917069203667686	1.04203882853054e-08	0.0774562099240866	0.00547445262081976
BID	0.910319221792899	1.13703224157346e-08	0.0845180146371819	0.0051626297406057
NGF	0.917963605408405	1.03312873086191e-08	0.0767940953250633	0.0052421654479061
CD70	0.897019879758986	1.29367075493e-08	0.0961603412723152	0.00681964536206951
TDGF1	0.912296696402811	1.0733372173923e-08	0.0797803792252992	0.00792279091350971
GDNF	0.910504468146639	1.12929041706231e-08	0.0839421226278368	0.00555327544870928
IFNGR1	0.924721669767166	9.3459871356017e-09	0.0694691361975198	0.00580906029287342
IL9	0.879125590588797	1.558873345544e-08	0.115876437449742	0.00499783811000116
LIFR	0.913681404692162	1.07526263601614e-08	0.0799250377787562	0.00639342386517191
EHMT2	0.917080576925856	1.03747029783329e-08	0.0771162720538592	0.00580301727703181
S100A12	0.911620588581649	1.11491412210284e-08	0.0828734843833919	0.00550579325176186
MAPT	0.889134038995596	1.41414786695125e-08	0.105117278283193	0.00574854897063917
YWHAZ	0.913502322378275	1.09360202980916e-08	0.0812895124218554	0.00520803137665738
HAAO	0.924221495875816	9.32556173929464e-09	0.0693166479646281	0.00646172250482557
ARG1	0.908711483232591	1.00321661846102e-08	0.0745590416678213	0.016729342824708
BAD	0.917110351116723	1.04443086392415e-08	0.0776342450244649	0.00525527004194734
DCTN2	0.923081201672332	9.62174001171415e-09	0.07151940072788	0.00539926380227586
EEF1B2	0.910618580340408	1.12896110733646e-08	0.0839177325654004	0.00546355330531906
EIF4H	0.915316294478351	1.06706590672491e-08	0.0793167469129615	0.00536682480681582
EIF5A	0.92051710738609	9.95615170459866e-09	0.0740052272360803	0.00547753159083528
HINT1	0.903917861633936	1.21772322359404e-08	0.0905159091332972	0.00556609545767384
HSPA8	0.918957324882321	9.78096270466775e-09	0.0727000658084306	0.00834247590726932
NME1	0.910590824986003	1.13492804486359e-08	0.0843617109848304	0.00504733018435822
PSME1	0.909677530701623	1.13330607503896e-08	0.0842401042669925	0.00608223132565465
WISP3	0.902341580886353	1.21177263743355e-08	0.0900715417945861	0.00758674381552038
TNF	0.900483366291996	1.26753078557726e-08	0.0942187051520586	0.00529779474479537
THPO	0.908800917380081	1.15290423991216e-08	0.0856975471829957	0.00550140165313533
SST	0.916900141043013	1.03746330973786e-08	0.0771155714456807	0.00598415379239522
BOLA3	0.91378820734058	1.05515292571082e-08	0.0784287596387321	0.00778289954350932
UTS2	0.909167566810228	1.04483541999165e-08	0.0776563977379777	0.0131759026993722
NELL2	0.922312432084055	9.18889508853832e-09	0.0682977858258871	0.009389648828807
RLN3	0.904674204757893	1.168396647129e-08	0.0868462229279082	0.00847943893062662
ST6GAL1	0.917212875035131	1.04218375272243e-08	0.0774671377033921	0.0053198534532919
CRHBP	0.906525109151134	1.06942001756879e-08	0.079483118831897	0.0139916393741727
NXPH3	0.904857223658626	1.146240393588e-08	0.0851977356096538	0.00994490754509064
PIP	0.896085212365853	1.01171488046751e-08	0.0751787675204797	0.0287358894523304
ERP44	0.919363486419422	1.01304027683961e-08	0.0753006932607007	0.00533568651381931
SUMF2	0.927606120416726	8.76900087503517e-09	0.0651786070668106	0.00721513896298348
CECR1	0.92574732393232	9.25277285518097e-09	0.0687765454493483	0.00547599683113107
ACPL2	0.900538871890584	1.13211920380953e-08	0.0841426401016957	0.0153183555432208
PCOLCE2	0.911618303127674	1.00525056593107e-08	0.0747132996042324	0.0136682645818393
FCRL5	0.904333993839378	1.21708497941085e-08	0.0904688332498833	0.00519703908604815
CELA1	0.916592122419987	1.05222312043211e-08	0.0782135564169225	0.00519418733801819
MAMDC2	0.903385406376308	1.12113399897822e-08	0.0833280686466253	0.0132863922394946
MAP2K3	0.915064560741705	1.0660969854117e-08	0.0792443964561032	0.00569090904387345
TP53	0.909385165426651	1.12092423013633e-08	0.083318465288392	0.00729623574237517
PSAP	0.847276858643425	1.92257267439861e-08	0.142907812841217	0.00981519531129515
IFNA5	0.903021938476823	1.13911730424512e-08	0.0846658617915067	0.0123120668631582
CGB2	0.91499337229903	1.07096713298681e-08	0.0796067180856999	0.00539977581782552
IFNA8	0.908316094532028	1.03950102563828e-08	0.0772586074247047	0.0144251654587332
PDZD11	0.915381772422162	1.01573585184618e-08	0.0754972881794147	0.00912080610104409
GUCA2B	0.913900002275768	1.06381921507025e-08	0.0790737394047492	0.00702612474060141
EFHA1	0.898701864153886	1.22719879092199e-08	0.0912157750121536	0.0100822276657847
KLK10	0.894226510778385	1.02053818557222e-08	0.0758334585267628	0.0299399001953199
SPACA1	0.9146697717208	1.0610657719726e-08	0.0788696232993477	0.00646047132495236
CER1	0.921277086464962	9.45368490794268e-09	0.0702670788071539	0.00845570134112074
STC2	0.89416322546228	1.34652494510063e-08	0.100090418572177	0.00574622221465718
VIT	0.917918279290273	1.03128837502588e-08	0.0766571071076898	0.00542447980791227
FGFRL1	0.900473530094666	1.26472300136485e-08	0.0940097650800616	0.00551657104352436
PSG8	0.910107947161062	1.13296039314025e-08	0.0842148125545939	0.00567710652416955
PVRL2	0.903624570815345	1.01248494791193e-08	0.0752436159689166	0.0211316815324828
SIRPB1	0.92795318463417	8.88432118312938e-09	0.0660370652236289	0.00600961642671169
SCGB3A1	0.88280079781	1.20767073465412e-08	0.0897467544760497	0.0274523168801152
CPXM1	0.920397743235102	9.98364336193221e-09	0.0742096761146684	0.0053924468517998
LY6G6C	0.904524742328381	1.21428658265728e-08	0.0902607924942356	0.0052143313550177
CGREF1	0.901891162665431	1.25027767962952e-08	0.0929362922933963	0.00517241121317455
IL17RB	0.912580028367471	1.10163140035546e-08	0.0818860632536427	0.00553377459944983
CYR61	0.916178053269755	1.02559015676088e-08	0.0762313546245661	0.00759045860263708
STMN4	0.896982359973163	1.17736187268265e-08	0.0875056354036042	0.0155118721847385
LEPRE1	0.909527383324202	1.06156946430487e-08	0.0789019560478271	0.0115705276598049
WSCD2	0.892768402243081	1.36253203338567e-08	0.10128012691018	0.00595133712341828
FURIN	0.926144807778235	9.20576147217975e-09	0.0684271266027142	0.00542793182539088
PCDH8	0.886003561865911	1.44821350322938e-08	0.107649005098044	0.00634729936593702
ST3GAL2	0.917441587616546	1.03958505499923e-08	0.0772739947682572	0.00528428380223076
MCEMP1	0.915057700693652	1.01558979506899e-08	0.0754860955422596	0.00945607051176475
FAM150B	0.907336382829123	1.16913336149929e-08	0.086903707475333	0.00575977594647998
MLEC	0.917218639087237	1.0418862426596e-08	0.0774450054312762	0.00533622167550274
ARHGAP36	0.910479851993347	1.13116536982984e-08	0.0840816152275879	0.00543839898681238
UTS2B	0.909542350842515	1.14040275122037e-08	0.0847680402158034	0.00568947518317017
CLSTN3	0.918651974861465	1.02507696510025e-08	0.0761956438826022	0.00515224742522302
BAGE2	0.91577362624553	1.06298255433061e-08	0.0790133580840902	0.00521288184781959
OIT3	0.913912157166161	1.08827610774773e-08	0.0808936151106912	0.00519409389806286
C1QTNF1	0.916138329040872	9.6892486701048e-09	0.0720147900511038	0.0118467479769797
PLBD1	0.912997748343218	1.1029336468908e-08	0.0819833829491596	0.00501873485896999
DNASE1L2	0.923216309456841	9.46250610732514e-09	0.0703346594595349	0.00644889742717034
GGT2	0.871413174983431	1.66224365031094e-08	0.123560612237202	0.0050260789317022
NPNT	0.908389466876348	1.09127758658065e-08	0.0811114301412456	0.010498969870237
APOC2	0.924624072286532	9.42965317120179e-09	0.0700916064206653	0.00528418747982443
CD79B	0.913542271534128	1.07314705482655e-08	0.0797674758475387	0.00669011899429583
INSRR	0.914735225727588	1.07122496747841e-08	0.0796256454209429	0.00563899508617344
HEPHL1	0.909668494238573	1.08266908290893e-08	0.0804721424847483	0.00985923007853468
DEFB128	0.91357189933675	1.02624616484471e-08	0.0762775601245868	0.0101504073796498
PTPRR	0.905629854149577	9.99018391374718e-09	0.074243562386439	0.0201264516456364
TAPBPL	0.89519796837999	1.01208426237626e-08	0.0752053654910977	0.0295965355832369
TXNDC15	0.916884917584705	1.01790024968332e-08	0.0756598479871469	0.00745510090691533
FMOD	0.914407547115493	9.53283476474469e-09	0.0708491649393913	0.0147431554033156
CSTL1	0.914172778579051	1.08245428697608e-08	0.0804606680834169	0.00536641953560627
DEAF1	0.9182347316145	1.02821072822565e-08	0.0764284128871161	0.00533672169246512
ANGPTL7	0.878357022107482	1.56574705903351e-08	0.116387148483478	0.00525569559223318
YBX2	0.884139471014573	1.47585397706697e-08	0.109703896358586	0.00615649893109188
SEMG2	0.911145956802448	1.11875658475065e-08	0.0831589310312817	0.00569497840849654
XXYLT1	0.913691313849151	1.0698612268984e-08	0.0795231230689936	0.00678542947062795
LYZL2	0.909664966232822	1.14010028193636e-08	0.0847456558910585	0.0055892441041376
C5orf38	0.909314156587882	1.1358429013023e-08	0.0844285084842862	0.0062572012456159
ADAMTSL2	0.920505418151976	9.80744318067064e-09	0.072898659505371	0.00659578870593933
ICT1	0.920241011166733	1.00095595259055e-08	0.0744023641733478	0.00535649085665877
MANBA	0.91269315874324	1.07180901047409e-08	0.07966706057347	0.00763964718685937
TLL1	0.911335006339994	1.08662528045115e-08	0.0807681955552168	0.0078966646428988
WFDC3	0.912143468183539	1.11227071500443e-08	0.0826773090373553	0.00517908895200323
VWA1	0.916112459383384	1.04709543138482e-08	0.0778315194480032	0.00605588745934189
CCDC126	0.767391377478166	3.0686999769849e-08	0.228112405663632	0.00449608293931345
NPS	0.925877322250018	9.25991151566537e-09	0.0688297951139008	0.00529274882425414
LILRA3	0.934172163565195	8.11279320228886e-09	0.0603022682142279	0.0055254344400205
WISP2	0.914802634356648	1.04776080430916e-08	0.077879719422529	0.00731751268110026
HSP90B1	0.909067642474336	1.1520737202113e-08	0.0856360143160007	0.00529620939830062
GPHA2	0.913796046181234	1.04951966461647e-08	0.0780095905030543	0.00819422989381147
DEFB107A	0.900207060223971	1.25703277696203e-08	0.0934372605215053	0.00635554558552339
PILRA	0.909952033069705	1.1036253364945e-08	0.0820318035478317	0.008016029936614
PSG2	0.921214217544431	9.84210406932307e-09	0.0731572843935439	0.0056283642952999
NMES1	0.919768399854667	9.9305648926498e-09	0.0738140835749682	0.00641738290967488
LAD1	0.919575258920305	9.98845417905816e-09	0.074244650611649	0.00617995677544847
INHBC	0.920519438779431	1.00038210494318e-08	0.0743599422625776	0.0051204851230141
INSL4	0.919269127822913	1.00946269947797e-08	0.0750343874502162	0.00569635096928188
DEFB135	0.888304604736381	1.12663074781963e-08	0.0837219917066939	0.0279732727931003
LIPK	0.90787091116333	1.11987944623895e-08	0.0832392060310355	0.00888974947720305
OAF	0.916674968550355	1.00663322299521e-08	0.0748212463228508	0.00850365174647487
CPN2	0.921613849857797	9.80357901297076e-09	0.0728710153616699	0.0055150009985737
SDHAF2	0.914154536712092	1.08027904636271e-08	0.0802987878429955	0.00554654166719174
IFNA16	0.921202450393068	9.88454806072576e-09	0.0734731028936955	0.00532431290565089
FAM19A2	0.908658122698306	1.0179506801124e-08	0.0756553655382819	0.0156863793483701
PCYOX1	0.914291742561061	1.08271325996653e-08	0.080480057623669	0.00522806599474991
FAM20A	0.915190703635372	1.01120152083449e-08	0.0751596924996466	0.00964947063864814
AOC2	0.914327389382175	1.07456244427723e-08	0.0798735823940711	0.00579889447994689
C14orf93	0.886300568577309	1.41904713294325e-08	0.105479001597935	0.00822029640635778
MFAP5	0.0164339262783896	1.3229955826038e-07	0.983470610805941	9.53284053687272e-05
ADAMTS6	0.910318521609201	1.07127743091701e-08	0.0796251281556764	0.0100562170634507
BAGE3	0.92177097445093	9.65724640472916e-09	0.0717822960565017	0.00644659583580562
PSG3	0.917444366631188	9.72253915946573e-09	0.0722638154877093	0.010291684741076
PTX3	0.897221493487847	1.22328285904594e-08	0.0909229044807539	0.0118554691015274
SEMA3C	0.90589065357394	1.17753364038026e-08	0.0875273340336871	0.00658187875379026
ASPN	0.907890597965776	1.15968893397095e-08	0.0862014922928474	0.00590777601220226
LILRB4	0.896137453280235	1.3184229246235e-08	0.0980012933798283	0.00586111960449208
ARHGDIA	0.914277399454161	1.04433320513005e-08	0.0776241423413251	0.00809832476972335
HAPLN4	0.857587274495656	1.84706491475328e-08	0.137299520434286	0.00511307123408378
PCDHGA1	0.902989823776269	1.19871376928564e-08	0.0891004663421216	0.00790957642145368
APOC3	0.9204205490321	1.00358574285871e-08	0.0745982293971657	0.0049810877170239
TIMP4	0.918021407451227	1.01720702665894e-08	0.0756094021482013	0.00636905673338737
QRFP	0.914526739374744	9.810665153242e-09	0.0729166498835937	0.0125564779059962
POGLUT1	0.912479523086493	1.10495394743098e-08	0.0821331969288388	0.00538714618552608
TAC4	0.895309220151207	1.26224489204074e-08	0.0938201968349896	0.0108704499515556
LY6G6D	0.922461788480723	9.67038627504343e-09	0.0718807627423456	0.00565731501409708
CFHR4	0.914190392762015	1.07389292426998e-08	0.0798236255605591	0.00598584795874324
PMEL	0.895032621792295	1.3267211547309e-08	0.0986176676188596	0.00634957691904305
BPIFA1	0.908061847716676	1.12142286847104e-08	0.083354244857602	0.00858377405617009
IGLON5	0.915383726997622	1.04400644502553e-08	0.0776009352076309	0.00701520421439866
CANT1	0.908606274814789	1.13670793038909e-08	0.0844921676332571	0.00690142395631336
KLK15	0.915674411548067	1.01038885847503e-08	0.0750997056165693	0.00922574955208749
CPZ	0.918692036893194	1.00828516492725e-08	0.0749461881763399	0.00636164126228534
SPACA5	0.914095365078979	1.07247395409968e-08	0.0797179433498901	0.00618655787942179
EDN1	0.917626875918743	1.01465154206277e-08	0.075418850879996	0.00695413961270483
DLK1	0.900292264832804	1.26157785048284e-08	0.0937755495927022	0.00593205184858037
RS1	0.924099594160388	9.47518264492225e-09	0.0704298711004437	0.00547040095121488
LOXL2	0.918918183540768	1.01657731134235e-08	0.075563442031946	0.00551824064576227
TMED10	0.923660556953749	9.54423952159722e-09	0.0709432912281376	0.00539601802016412
NCAM2	0.86200911770549	1.78347226146047e-08	0.132571949365429	0.00541879913419343
SCGB1D2	0.916525230217376	1.05129822505359e-08	0.0781446670035323	0.00532996897226747
RNF128	0.908870982279595	1.15330119382995e-08	0.0857271550835745	0.00540172883964755
GHRL	0.906772914909329	1.16924428491838e-08	0.0869113973735442	0.006315554042753
DUSP13	0.893339536693266	1.34991382529452e-08	0.100341764258156	0.00631856537460809
OBP2A	0.911943025670883	1.0969038824352e-08	0.0815336459490597	0.0065231947335883
TRIL	0.913243704898684	1.00946466423625e-08	0.075028502194791	0.0117276599594767
PROL1	0.874928627072449	1.57827352501922e-08	0.117315824386235	0.00775541506044198
FAM162A	0.901067947305712	1.23717216636588e-08	0.0919602729966083	0.0069716461114772
DNASE2B	0.916091637721766	1.05803502784695e-08	0.0786455256772939	0.00526270278507474
PLBD2	0.910587951083266	1.10606899389531e-08	0.0822142752629814	0.00719764009792085
KIAA2013	0.920902386531696	9.8849384674521e-09	0.0734757075876312	0.00562177211306222
PRLH	0.916751556899581	1.01439422039849e-08	0.0753988271044386	0.00784948252774906
NELL1	0.925923625470386	9.25786231522128e-09	0.0688145931438264	0.00526164756978161
PRNP	0.913338867555729	1.02242639514349e-08	0.0759930937110939	0.0106679056437102
TMPRSS11D	0.91619422419656	1.02541280999626e-08	0.0762181742492678	0.00758746805072834
VSTM2L	0.910594121577908	1.06862538455408e-08	0.0794280624255339	0.00997768281433254
ICAM4	0.901757146258696	9.99148227131039e-09	0.0742493470189193	0.0239933754237082
SERPINA12	0.912544928161167	1.05713820559166e-08	0.0785752419138982	0.00887969659515161
CFAP45	0.902216617284844	1.16235182876474e-08	0.0863939614811075	0.011389288241526
STOML2	0.926316304572004	9.16898422628532e-09	0.0681536348514576	0.00552992679658457
ENPP5	0.907174719705581	1.16032181476174e-08	0.0862478690343556	0.00657727762086168
LRRC15	0.799630268713316	1.20935388527936e-08	0.0897887457199945	0.110580865904383
COLEC10	0.915600723387326	1.03131715244339e-08	0.0766569285900112	0.00774221454001484
C17orf78	0.908640430617468	1.14269710575977e-08	0.0849378627675459	0.00642157295485897
LRRTM4	0.856138228403935	1.79570157567588e-08	0.133476068947643	0.010385569521012
FAIM3	0.9238580559963	9.49126590838045e-09	0.0705493066038402	0.00559250362831626
ART4	0.891823723048223	1.064023744447e-08	0.0790668602738237	0.029109286066797
LAMA4	0.922998522858187	9.63223346671974e-09	0.0715974008871835	0.00540394245774451
TNMD	0.902814909538118	1.02934027949857e-08	0.0764970287458921	0.020687929973099
PZP	0.924979705615406	9.27986802372199e-09	0.0689773951092733	0.00604276556428768
HRC	0.92073194856839	9.93842730530113e-09	0.0738735531416881	0.00539436449175102
LRFN5	0.899882191422309	1.22086247896513e-08	0.0907454647721856	0.0093722105419102
GALNT3	0.909015120941777	1.10180910871181e-08	0.0818957182461026	0.00908902751046945
FAM174A	0.892686062817907	1.2809035982007e-08	0.095205985330923	0.0121078189552096
APCDD1	0.916179423304921	9.95867836701958e-09	0.0740196863746698	0.0098007571144072
RELL2	0.915366074337099	1.06754531566937e-08	0.0793524700749036	0.00528132177463456
KAL1	0.909777737851739	1.0732912745042e-08	0.0797744390854932	0.0104476899437063
NDNF	0.908509103977884	1.06135364415343e-08	0.0788848773407733	0.0126058858523176
IGFALS	0.914834051923501	1.07200733805314e-08	0.0796839613772271	0.00548185291285814
KISS1	0.920522985791326	9.93901859075319e-09	0.0738777437879929	0.00559913665002827
CNP	0.911762865590943	1.11513761055316e-08	0.0828902568174316	0.00534674378705383
BRICD5	0.907762007539382	1.17060769370433e-08	0.0870138401622129	0.00522401847734121
FCRL6	0.892256741353376	1.22425104772837e-08	0.0909899787134906	0.0167531476614529
LINGO1	0.905336018103383	1.19733819832284e-08	0.0890004571788984	0.00566339095570177
RLN2	0.914036688524126	1.0412937217316e-08	0.0773977301792413	0.00856544792461918
APLN	0.9066276397254	1.10215486565188e-08	0.0819190565183648	0.0114531707722987
WNT11	0.886238861017287	1.32342270293877e-08	0.0983634237290469	0.0153975827998122
ATAD1	0.911250675358431	1.11476312317042e-08	0.0828618781077925	0.00588731280185226
CHST12	0.925236464119008	9.27745648441056e-09	0.0689597076029154	0.0058036945349143
PNLIPRP1	0.913912890256314	1.08505695132968e-08	0.0806540749728102	0.0054329009778839
DEFB1	0.904476444896706	1.16477560206024e-08	0.0865765791340696	0.00894684264846506
UPK3BL	0.902016469767779	1.09971059423895e-08	0.0817325598822051	0.016250838010831
UBC	0.918394469263258	1.0199915483291e-08	0.0758169748188053	0.0057884221727223
UBB	0.903546678549528	1.22737144049779e-08	0.0912334717164361	0.00521971591239452
CD47	0.906500272618666	1.18748398242777e-08	0.0882683598559182	0.00523123370532084
ALPPL2	0.191571649794659	1.0860051537773e-07	0.807298811347276	0.00112940448673189
TFRC	0.911247830610158	1.08828488088704e-08	0.0808916009354614	0.00786043498762042
B3GAT3	0.832743661738431	2.17888263412091e-08	0.161965563301187	0.00529064114826975
UBE2J1	0.916448948751123	1.02564915922442e-08	0.0762360162276609	0.0073149014811426
TMCO5A	0.910504289692632	1.13121998506748e-08	0.0840857036679922	0.00540987284328804
MGAT2	0.907401320693468	1.08263365409582e-08	0.0804672367455826	0.0121313096681458
CLEC6A	0.914601458809462	1.07580607116679e-08	0.0799663963446933	0.00543201105273183
EFHA2	0.914681050305409	1.07661062891761e-08	0.0800263440185222	0.00529247186420321
HMGB2	0.905561126899594	1.19844492200868e-08	0.089083035006078	0.00535570429096157
CD164L2	0.879323931382956	1.49079251274631e-08	0.110810668413451	0.00986526700626002
LRRC3	0.907485576784407	1.17080989962132e-08	0.0870286098132399	0.00548567961645411
CCK	0.909422920395009	1.14402322092021e-08	0.0850373236879671	0.00553962213837319
HBZ	0.929196762752747	8.7669117990804e-09	0.0651646542640053	0.00563844921787823
GFRAL	0.898667863821167	1.29158196332317e-08	0.0960065616889683	0.00532544068243096
B4GALT3	0.899992886659284	1.26026660202768e-08	0.0936776785149842	0.00632930115320499
PLOD2	0.916759497948429	1.03929218789881e-08	0.0772515194415831	0.00598884889170765
NDST1	0.909335041775534	1.03022378261058e-08	0.0765692978170686	0.0140955277785623
ST8SIA3	0.906606350162345	1.18613632903223e-08	0.0881681857092872	0.00522533030747966
ST8SIA6	0.834081184795446	2.1085848875519e-08	0.156735971663093	0.0091827102524006
ITGA5	0.895625681517292	1.2219303241833e-08	0.0908206635055979	0.0135535222754365
MRPL34	0.903554919500337	1.16740388395056e-08	0.0867712299523034	0.00967371732428443
PMEPA1	0.920573269336314	9.83078397972217e-09	0.0730724088063436	0.00635418818815955
C1orf43	0.846666142413965	1.96335171064809e-08	0.145941613210921	0.00739211084541663
PCDHGA12	0.858503723127901	1.83962471977542e-08	0.136746804935394	0.00474933805184911
JPH1	0.923484153671466	9.54303959728656e-09	0.0709341858831336	0.00558152667238043
SUMF1	0.912077649908555	1.02144197255514e-08	0.0759185792932335	0.0120036378882513
ST3GAL6	0.912876342664798	1.09936671083157e-08	0.0817178418952083	0.0054056816433429
FIG4	0.919534446892675	1.01105355035394e-08	0.0751530299498801	0.00531238934825732
SNX1	0.92584745518706	9.16328420320806e-09	0.0681107510513998	0.00604166005035706
IGFL3	0.903711902458822	1.14213690717138e-08	0.0848912443292108	0.0113967202204441
CNTNAP2	0.915837218229396	1.05513979261667e-08	0.0784298334533784	0.00573281456453845
WFDC5	0.914015560639807	1.03161213501628e-08	0.0766772918090105	0.00930701427882765
CD74	0.908813018431244	1.15142347174051e-08	0.0855873737529423	0.00559947404520663
SNAPIN	0.917358240035802	1.02268693545227e-08	0.0760165041905151	0.0066251221409114
HS3ST3B1	0.915302660354676	9.79379360749497e-09	0.0727918836051914	0.0119053231169588
SDF2L1	0.914475063761569	1.05268235963638e-08	0.078245609719112	0.00727919297444776
FUT9	0.900552710367844	1.26738465052813e-08	0.0942079005002716	0.0052392553128689
HBD	0.906293806372867	1.07403059987361e-08	0.0798259656575154	0.0138800953118316
C3orf18	0.906972999170175	1.03552462834166e-08	0.0769613750094314	0.0160654934563005
RAB26	0.898926309185068	1.21838702973183e-08	0.0905603071082293	0.0105132505964521
ASPH	0.877743446866116	1.3473189161374e-08	0.100133062589092	0.0221233589948063
GALNT10	0.909587282319323	1.1445066771781e-08	0.0850734627116086	0.0053391211634724
COL25A1	0.912274267638745	1.06140763350048e-08	0.078892663678925	0.00883293534626237
TRAPPC4	0.91904872774564	1.01202904459467e-08	0.0752251313141297	0.00572600718662746
CD72	0.919864344004773	9.76635499515561e-09	0.0725922762069412	0.00754324627889898
LILRB5	0.931884716174176	8.4715484180995e-09	0.0629695144037292	0.00514563559049617
GCNT1	0.912200441464962	1.08539658330065e-08	0.0806776331877953	0.00712179178121693
TSR3	0.91656468286591	1.02091302534155e-08	0.0758837112904889	0.00755147233531979
SEMA7A	0.916582699625216	1.04553563936108e-08	0.0777159243664558	0.00570124225139782
CHST5	0.919086837196383	1.01692085590703e-08	0.0755891743728993	0.00532385462307138
ST8SIA4	0.912501383006449	1.0888566430343e-08	0.0809354011756669	0.00656308217677486
BNIP3	0.902249617687376	1.20963409109616e-08	0.0899123182193449	0.0078379306234943
C20orf173	0.902942734458561	1.05645587809729e-08	0.0785148573885442	0.0185422761216529
CEACAM19	0.913096147116847	1.07957603019733e-08	0.0802454162091216	0.00665830304571919
CLEC2D	0.911871562860678	1.06027896678919e-08	0.0788082752739765	0.00932002859473774
ERO1L	0.903863254489411	1.02721744012807e-08	0.076340115392607	0.0197964982552938
VAMP8	0.917443389752854	1.01389307512336e-08	0.0753622288740519	0.00719424781680612
G6B	0.912462717383408	1.10467185918077e-08	0.0821121896179414	0.00542495920459009
FAM209B	0.911371387244144	1.12197680215637e-08	0.0833987765083423	0.00522970242721288
TSNARE1	0.917377700318047	1.02003200500926e-08	0.0758189674567728	0.0068031986163397
MAN1B1	0.921609074911797	9.82782357528218e-09	0.0730514169628709	0.00533937431977147
C22orf15	0.91200242235784	1.08477803114804e-08	0.0806314078432751	0.00736603626568448
ECEL1	0.920210441066373	9.99916259907538e-09	0.0743249689282294	0.00546445621664619
BTN3A1	0.752095638752982	3.26029856666379e-08	0.242354150569649	0.00555007690012216
B3GNT6	0.906763827719711	1.17877039067141e-08	0.0876202359937716	0.00561580251810453
MATN4	0.8954028291594	1.11892713608159e-08	0.0831558630495582	0.0214411761493782
DRAXIN	0.890824608862375	1.27515988933167e-08	0.0947767264940038	0.0143985320555066
SYT11	0.92134933077289	9.86175025565518e-09	0.0733036090155438	0.00534692640701941
PDILT	0.913132588605964	1.08615289089392e-08	0.0807348439249693	0.0061324337700834
RMDN1	0.907477403426867	1.15753548213083e-08	0.0860408380302713	0.00648162489080518
CDY1	0.840738546080649	2.0639179484283e-08	0.153418920981283	0.00584239920010675
FSTL5	0.907268784172032	1.07172981079173e-08	0.0796557374353013	0.0130753456267317
CD2	0.86560798465007	1.74002451641544e-08	0.129342558662531	0.00504932284285808
CABP7	0.918557886998904	9.84966522033653e-09	0.0732108887369489	0.0082310908471984
CABLES2	0.916915509346532	1.03031411555041e-08	0.0765836076443734	0.00650074935960862
OOSP2	0.910276957992358	1.1266931600133e-08	0.0837486302153317	0.00597427807207304
SMIM24	0.916888059073276	1.04630332539235e-08	0.0777733543701783	0.00533845275086086
DNAJB11	0.914296880060922	1.08196824728389e-08	0.0804246255758635	0.0052783605494537
GRPEL1	0.895264680374239	1.34122923406898e-08	0.0996974616085767	0.00503772417108436
SEMG1	0.921875806962214	9.56611129031199e-09	0.0711042548613923	0.0070198045966627
OSCAR	0.905797196156371	1.18099372033522e-08	0.0877847087324419	0.00641796145057523
SERPINI2	0.892494524039712	1.31871094828643e-08	0.0980190789522992	0.00948626375972169
SYT7	0.908823578741847	1.12546975172141e-08	0.0836561402617117	0.00752014748395064
MRPL52	0.904301586310742	1.11785173838458e-08	0.0830847492228836	0.0126135316383764
IL21	0.922903150833569	9.64844710815515e-09	0.0717179528595225	0.00537876250663992
APOA2	0.884724019331698	1.45184544963701e-08	0.107917981290791	0.00735786584321141
VWA2	0.922624520309322	9.69550319847973e-09	0.0720678233504407	0.00530752253039557
LAIR2	0.918458362985746	1.00550125315434e-08	0.0747388004162928	0.00680270298905453
C1QL4	0.906984580286194	1.17802088146724e-08	0.0875646851859179	0.00545060073727455
MSRA	0.914829597892118	1.00292793055799e-08	0.0745436843319496	0.0106265846809112
CELA2A	0.921438028512366	9.83518901987192e-09	0.0731060528061002	0.00545578489161706
MGAT4B	0.916782480114148	9.86864249600982e-09	0.0733503234903985	0.00986706319836151
CPN1	0.897152914613843	1.11426670724816e-08	0.0828108273936233	0.0200361261620482
GCNT2	0.912161914665621	1.1129854905031e-08	0.0827305147115582	0.00510743678608982
KAZALD1	0.885245853629285	1.31166048938665e-08	0.0974871908383348	0.0172668233297325
ITIH3	0.921520978350123	9.18001110711896e-09	0.0682308869239863	0.0102480015799921
PDIA4	0.911426717587775	1.08469959248435e-08	0.0806249948572968	0.00794815409995659
WFDC8	0.911736606787659	1.09255368566926e-08	0.0812097365299708	0.00705352310716975
FAM173A	0.826472579533443	2.02510164966287e-08	0.150516278430408	0.0230110106054553
NGRN	0.907908257916675	1.16870835014389e-08	0.0868726543734727	0.0052189538881079
LEG1	0.890931121348922	1.10569028932406e-08	0.0821664189419521	0.026902328801379
C4BPB	0.851968484546705	1.90679026834358e-08	0.14173812345146	0.00629325832446417
FUT10	0.906559367728853	1.1416215331587e-08	0.0848557451137433	0.00858475378798389
PCDHA4	0.901994432501475	1.24218453216636e-08	0.0923341759088915	0.0056712578286736
H6PD	0.910040121403833	1.13951385739089e-08	0.0847023949442465	0.00525734983533691
LACRT	0.917142379946913	9.51277129289393e-09	0.070702608070487	0.0121548790929652
VAPA	0.90845915962323	1.12844068097376e-08	0.0838768455006063	0.00766386138298619
PCDHGA2	0.91619103567628	1.05599904955823e-08	0.0784941258529751	0.00531470466186825
DEPP	0.926664183895725	8.56524238402585e-09	0.0636614754652912	0.00967420741597481
NFASC	0.923004244448652	9.62669325501754e-09	0.0715561813067434	0.00543944045249013
IFNA14	0.907609525131925	1.11808899347642e-08	0.0831057148785108	0.00928462671419965
VAPB	0.917436654942045	1.04199961681593e-08	0.0774536599576115	0.0051095512638966
C19orf80	0.914796699585816	1.0683446864487e-08	0.0794113821646863	0.00579178450473469
GP5	0.907616839572273	1.1485373716987e-08	0.0853714185859743	0.00701160826092025
STX3	0.924347502959663	9.47388507292369e-09	0.0704204638854269	0.00523189933490533
PPM1L	0.915242925888388	1.05994593009603e-08	0.0787868683957011	0.00597007199510757
CHST3	0.895869986153171	1.27155793400583e-08	0.0945137515745939	0.00961612904142116
SLMAP	0.916417421165368	1.05003313419047e-08	0.0780504223225071	0.00553202273245225
IFNLR1	0.913661790964587	1.05762952353502e-08	0.078612919388425	0.0077251561620475
IFNW1	0.884807113418749	1.46022438389099e-08	0.108541549926527	0.00665120302545776
FAM20B	0.920302866319708	9.97299514997013e-09	0.0741303466588148	0.00556665324646036
SYN3	0.907057488577586	1.16635252085313e-08	0.086696502975496	0.00624587476317907
LRFN2	0.905424932109009	1.192082049625e-08	0.08860943053627	0.00596550363330395
ISCU	0.901634652637513	1.25000500320491e-08	0.0929157453822055	0.00544946818951573
RFNG	0.908829652195141	1.1509248038667e-08	0.0855502839935816	0.00561993004342029
IK	0.913097127180263	1.07804287092044e-08	0.0801313331687776	0.00677140603784644
MGAT4C	0.917168234199286	1.04075010250366e-08	0.0773604135719087	0.00547121844096175
CYB5R3	0.923694508505418	9.55249589541767e-09	0.0710047617742325	0.00530059590957735
ATP1B2	0.898408889987417	1.29545748872552e-08	0.0962946844456292	0.00529629175560268
CKAP4	0.906866829347436	1.02682898893719e-08	0.0763142169059197	0.0168188214837904
S100A13	0.923111220304796	9.53166067047675e-09	0.0708491407651302	0.00603950521860298
TRAT1	0.905875324030104	1.19845067850125e-08	0.0890837778645311	0.00504076425967488
MMGT1	0.888402930038811	1.22676593010961e-08	0.0911732561314484	0.0204236820513382
ST6GALNAC6	0.91219409002595	1.11093068922824e-08	0.082577646958817	0.00522812919472087
TMPRSS11A	0.890440986140394	1.4062755177037e-08	0.10453279661239	0.00502608339955202
P2RX6	0.913515893624555	1.06089418437445e-08	0.078855700249385	0.00762827262809988
COLGALT2	0.905881611433956	1.10925965793502e-08	0.0824469849350111	0.0116712706764065
MBTPS1	0.854332226781298	1.86480620920384e-08	0.138616410820833	0.00705122882236083
VSTM4	0.908340595080299	1.02566775301292e-08	0.0762292833401152	0.0154299891300881
IGFLR1	0.925735631121892	9.23652457008188e-09	0.0686556285177814	0.0056086065909477
CELF2	0.904552994999745	1.17438829213372e-08	0.0872919463092043	0.00815492526386687
FREM2	0.906833205604824	1.16158741850152e-08	0.0863417021060951	0.00682495868316517
GORAB	0.90585729920474	1.19509529915137e-08	0.0888340824559175	0.00530848452963025
BCL2L10	0.918181890195262	1.02910370162117e-08	0.0764948070981223	0.00532316889887738
C1QTNF3	0.89665262733933	1.3188250388485e-08	0.0980317308191589	0.00531550803274238
QKI	0.904872894641254	1.20822700443335e-08	0.0898102412992048	0.00531673025093724
PTH2	0.905118107231668	1.1777967756368e-08	0.0875461408897626	0.00733561834128046
PRG2	0.907369445139959	1.1752235289947e-08	0.08735691644704	0.00527350459858778
CHST14	0.904486699461693	1.19090369626458e-08	0.0885208088306174	0.00699235812426934
OSTN	0.887945565134236	1.4357152670979e-08	0.106720941929082	0.00533335913031243
SERPINA9	0.911284480766172	1.07979519789532e-08	0.0802599112318369	0.00845547461519906
SPTLC2	0.916631251500682	1.03778860002626e-08	0.0771395074851767	0.00622910732814911
LRRC32	0.925381064340067	9.30553684696993e-09	0.0691688013286821	0.00545000054055682
CRELD1	0.912348610817447	1.11000661493081e-08	0.0825090402776074	0.00514221507288915
MYBPC1	0.916613826819867	1.04585978389987e-08	0.0777400754665925	0.00564596394918109
NBR1	0.914743056791738	1.03748105612123e-08	0.0771147327292613	0.00814207705009137
FMR1	0.899109414485471	1.20306673364293e-08	0.0894204907809979	0.0114699617518508
CFTR	0.908536426605999	9.93039444194776e-09	0.0738015720150885	0.017661869229354
VAMP4	0.915087454600775	1.05269967916664e-08	0.078247511487806	0.00666490028399333
OPALIN	0.914605600837203	1.07576656461537e-08	0.0799634607661274	0.00543080460339525
ITGB6	0.886564022412628	1.42192484748703e-08	0.105693399132219	0.00774244497253629
FATE1	0.915234704214104	1.06028670094754e-08	0.0788122172892848	0.00595294477350624
RNF148	0.910560380495031	1.09717680381954e-08	0.0815525702917454	0.0078869157500218
CISD1	0.91898838773724	1.00784161575108e-08	0.0749134798553309	0.00609799870381833
NDUFB11	0.911584092016433	1.0639169460638e-08	0.0790786934436959	0.00933708127155608
SFRP2	0.917466585669729	9.83190768037988e-09	0.0730776605892304	0.00945562048865527
CLEC4D	0.90503966380206	1.12212906177077e-08	0.0834037682467234	0.0115564349811567
ITGB5	0.90987536467255	1.06471680050683e-08	0.0791365010301724	0.0109880012508273
RNF215	0.916111191096762	1.05844537587809e-08	0.0786760796860776	0.00521259539456163
CHKB	0.917717800941145	1.02991820526902e-08	0.0765549506317363	0.00572711467366549
SNN	0.0653881629839919	1.25651431523109e-07	0.9340501920348	0.000561510533556018
CDH11	0.914446839604829	9.90332728620931e-09	0.07360607874474	0.0119469487328514
ITM2A	0.907603007358542	1.13749582038848e-08	0.0845497910988362	0.00784706807406643
ZP4	0.918996915875338	1.01072088343704e-08	0.0751277377796732	0.00587521261143802
CLPSL2	0.918961338206864	1.01554290317492e-08	0.0754865138118586	0.00555201420429229
SH3BP2	0.920431926804642	9.911155800169e-09	0.0736703226333972	0.00589761683141974
NFU1	0.914317392064031	1.06488263933249e-08	0.079153287749005	0.0065291865412994
KIR2DL2	0.913370145393179	1.0940982560777e-08	0.0813263048398609	0.00530341595656692
UNC5B	0.908011865906931	1.08152965668162e-08	0.0803856982738044	0.0116023028553684
EDDM3B	0.918030030512888	1.03196783422893e-08	0.0767077782567187	0.0052620574144422
CLEC2B	0.913006891952949	1.06806744795088e-08	0.0793889609521058	0.00760401359372581
LILRA5	0.918124270080149	1.03008479264418e-08	0.0765677534525446	0.00530784265750747
LIF	0.857011406137716	1.85256095282894e-08	0.137707910060204	0.00528054998861445
CCDC90B	0.902393740360979	1.07905204387948e-08	0.0801957127055303	0.0174104147501394
CCDC167	0.905437029353498	1.2018513033148e-08	0.0893363832601423	0.00522645356562309
CHST1	0.916248035095668	1.04387939718086e-08	0.0775923466150293	0.00615948459395461
GOSR1	0.912293965033006	1.07494823578534e-08	0.0799002540926805	0.00780564740019003
B4GALT7	0.902887363996356	1.23393394991731e-08	0.0917211350858222	0.00539136711924814
GLCE	0.920297232530534	9.88326225870665e-09	0.0734626289792562	0.00624000480568243
SPATA9	0.915930937693296	1.06064837253276e-08	0.0788398265892242	0.00522910189709957
C1QTNF5	0.807985958305597	9.50910292283859e-09	0.070566045634574	0.121447877857925
IGFBPL1	0.918699319565423	9.98178996369899e-09	0.0741941846561862	0.0071063622102923
GBP6	0.914199422618686	1.04664576446484e-08	0.0777961442996296	0.00800429963425716
C1D	0.913272350741926	9.87003590937698e-09	0.0733571783847905	0.0133703381469921
HRASLS2	0.898862664325325	1.28899845980242e-08	0.0958145154246585	0.00532268644221357
ST6GALNAC2	0.906181433119251	1.11716235836993e-08	0.0830353334475456	0.0107831003592168
MSRB3	0.912350094201167	1.03128549291922e-08	0.0766513188874535	0.0109984538663339
ABHD12	0.88204199674565	1.51852231888473e-08	0.112876793729604	0.00508107568447184
DCLK3	0.910727886424498	1.13086027266229e-08	0.0840591609038197	0.00521281884911211
ADAM32	0.918328053740352	1.00191229542476e-08	0.0744716117938199	0.00720020091033964
SMR3A	0.910778740315861	1.12755388467031e-08	0.0838131799422134	0.00540794594557828
FAM19A3	0.911846533430586	1.05003001866466e-08	0.0780456150290862	0.0101077183755774
ESAM	0.918735665970632	1.00195446665974e-08	0.0744751578208192	0.00678904259780625
SERF1A	0.917236959635644	9.76070827052567e-09	0.0725476283103592	0.010215278903702
PSG11	0.913198304464802	1.04690798211517e-08	0.0778146540750032	0.00898690814481997
QPCT	0.89616021314661	1.25233536386134e-08	0.0930836700906429	0.0107559836851154
COX4I2	0.911984354257373	1.012503285556e-08	0.075253348645342	0.0127621642892619
ANKRD46	0.916213093298998	1.03533018214385e-08	0.0769561554046245	0.00683061769122145
MTIF3	0.913525455452959	1.09067994810616e-08	0.081072100353629	0.00540231039630767
NCR3LG1	0.916288092873339	9.73047930329885e-09	0.0723217415157636	0.0113900326184752
FAM151A	0.872546666406295	1.16801983281294e-08	0.0867860240693003	0.0406671804664971
NTS	4.34445535490421e-36	1.34523106225879e-07	0.999999818629578	4.68473119939587e-08
PCDHGC3	0.918215586043627	1.02854547509565e-08	0.0764533025949602	0.00533097755472197
HERC4	0.917822699312324	1.02457247677555e-08	0.0761572742610843	0.0060198927124842
ROR2	0.890822107039796	1.39058372244347e-08	0.103365534848372	0.00581222436981678
PGRMC1	0.906852330840163	1.18237459111811e-08	0.0878885169951482	0.00525901834832859
PLA2G16	0.891217456048096	1.3561391239422e-08	0.100802871182869	0.00797953931828203
DNAJC30	0.917994800839497	1.00564264459291e-08	0.0747488574782093	0.00725620813433281
ST6GALNAC1	0.907577271980097	1.03151491284832e-08	0.0766636126692614	0.015758982945357
TMEM132A	0.916535605038557	1.04184255339081e-08	0.0774410707482038	0.00602319049957432
TSSK2	0.913148592125047	1.05585026730635e-08	0.0784800093170513	0.00837126515979127
PLEK	0.910283485332645	1.13535959478857e-08	0.0843935154289151	0.00532286543065909
SEC61B	0.914585035297263	1.06630343565335e-08	0.0792592786338525	0.00615555237300855
COX5B	0.917753807537672	1.01535525983359e-08	0.0754713423305886	0.00677471651907216
COA3	0.907751088030093	1.03717619043021e-08	0.0770850483784912	0.0151637311061348
DPP10	0.914728003696037	1.01805787012467e-08	0.0756694176194982	0.00960244545181179
UGT1A6	0.888121939750221	1.43677613613779e-08	0.106800058880049	0.00507786752902451
KIAA1467	0.911013849881618	1.05460738819333e-08	0.0783853884736788	0.0106006285461941
FGF3	0.91430606015135	1.03929586588983e-08	0.0772493372308077	0.00844446922956964
MRAP	0.912088415806767	1.10467439357285e-08	0.0821120035284628	0.00579944692103625
DLG3	0.909128800880469	1.11608403621385e-08	0.082958044661206	0.00791302099863212
VAMP3	0.918643410670366	1.02132586297632e-08	0.0759165117892825	0.00543994374830532
HP	0.907204124759106	1.15178848241886e-08	0.0856129240834757	0.00718281759959519
LRFN1	0.908159536972555	1.03284853290081e-08	0.0767634316114889	0.0150768989190062
SCN4B	0.912077706019967	1.0961672129182e-08	0.0814789643976708	0.00644319592514083
S100A7	0.924713993955684	8.9888032122658e-09	0.0668112847424287	0.00847458791766353
CPD	0.737403195111974	3.40299850612383e-08	0.252957898518628	0.00963877314162812
AMY1A	0.880831418318322	1.31491262043375e-08	0.0977247665326916	0.0214436835076605
ST8SIA2	0.913292320493158	1.09154879168732e-08	0.0811365185653048	0.00557102716710833
FJX1	0.90457627890651	1.14995481696562e-08	0.0854738485994543	0.00994973930805493
SEMA4C	0.919351662072134	1.01265016618207e-08	0.0752716528732946	0.00537655125400647
CD3G	0.923913548944031	9.51589524188065e-09	0.0707326316568352	0.00535368559549473
SMCO2	0.914715863198782	1.03050131116105e-08	0.0765953352216603	0.00868866822410352
SPINT3	0.863072442096896	1.77494523967605e-08	0.131938508944384	0.00498891510606095
ST6GALNAC5	0.921722983313923	9.79639602876287e-09	0.072817675250728	0.00545920764589107
TPST1	0.910775084314801	1.06312499312004e-08	0.0790189535605899	0.0102058289730431
EXOSC1	0.907420826141492	1.17324277840088e-08	0.0872095781095348	0.00536946194745435
ADAM22	0.917807673685539	9.94367591521711e-09	0.073909681406892	0.0082825114975316
NDRG4	0.917433672996637	1.00094750724479e-08	0.074398925597442	0.00816726798039601
LARGE	0.923395528204817	9.5935003624151e-09	0.0713095811186499	0.00529475686497467
PQLC2L	0.911112634877647	1.123907630905e-08	0.0835421925289865	0.00534503878856665
CUZD1	0.918452695657936	1.02105877109938e-08	0.0758964462911419	0.00565072428720172
KIR3DL3	0.893827228690191	1.357675363042e-08	0.100919796762552	0.0052528407300664
SEMA6A	0.901968028154606	1.23483403229793e-08	0.0917871909221109	0.00624464723937913
ENTHD2	0.919779512919402	1.00602789215838e-08	0.0747793106603668	0.00544104262833339
GLTPD2	0.897008292246118	1.31624362974242e-08	0.0978400014279348	0.00515157249514742
BTNL9	0.883992153144741	1.44984231183583e-08	0.10776819306592	0.00823952037352321
VTI1A	0.898902452161278	1.27339829491737e-08	0.094653730300063	0.00644368388150407
SLAMF1	0.920481261550149	9.57921774362362e-09	0.071200385440576	0.00831821960403621
ITIH1	0.918325357499728	1.02663809605019e-08	0.0763114823617461	0.00536302633614231
MINOS1	0.92169176572065	9.69572103266687e-09	0.0720685105895204	0.0062395900052465
SCG3	0.920587419584782	9.86502655100099e-09	0.0733272256056218	0.00608522110426831
CDH7	0.923854086204295	9.46836442297348e-09	0.0703788902280241	0.0057668898195724
SPINK8	0.909668477873118	1.14016788065186e-08	0.0847506894989261	0.00558069885482473
CRTAM	0.91340415605879	1.09321115177659e-08	0.081260328504841	0.00533538163027158
WFDC11	0.916384666861755	1.03025559430663e-08	0.0765787216421089	0.00703647791864638
ART3	0.905332265638363	1.19963780448441e-08	0.0891715695764105	0.00549603100071824
UNC5A	0.918016943612242	1.03183785637376e-08	0.076698093365512	0.00528482920935427
FRRS1L	0.920176391680505	9.99884129735518e-09	0.0743225440042944	0.00550093053135053
B3GNT2	0.925960240089806	9.24467947813454e-09	0.0687165348945374	0.00532309120790595
B3GALT6	0.909767374150534	1.14355363167514e-08	0.085002725848653	0.00522976618052162
MRPL32	0.898663238719541	1.26117977246305e-08	0.0937442975245469	0.00759233025312233
PCDHGC5	0.913163739793376	1.09481582175493e-08	0.0813794930570445	0.00545663335977574
NAALAD2	0.914856815799962	1.06635946439027e-08	0.0792637198446767	0.00587933062236275
C1orf226	0.912015540419671	1.10662197571345e-08	0.0822568522499881	0.00572747357693531
IQCF1	0.91609501324634	1.0288730098242e-08	0.0764755521086069	0.00742930112035382
ASTL	0.912887435374379	1.07637665516506e-08	0.0800071383707949	0.0071052926865846
ERO1LB	0.874286802655619	1.62366801166749e-08	0.12069303421665	0.00502002927925297
VWC2L	0.919017222492776	1.0088177541353e-08	0.0749861442200285	0.00599649956994498
DOC2B	0.898234027589861	1.29072646477236e-08	0.0959424688563521	0.00582336981326948
KIR2DL5A	0.9240416736598	9.48710293268867e-09	0.0705185132580095	0.00543967929010938
TMPRSS5	0.920766520424244	9.93764102247853e-09	0.073867736933585	0.00536560884013613
LGI3	0.920318546420357	9.9919640020527e-09	0.0742715116115312	0.00540980817201465
GAPDHS	0.903045304838418	1.22067242425734e-08	0.0907344888782518	0.00622007259612453
MXRA7	0.900212929679334	1.13232329170289e-08	0.0841575002315727	0.0156294376663997
DNAJB12	0.916920097774207	1.01042619953473e-08	0.0751037311380824	0.00797603763648762
CTSB	0.900360612881201	1.26665062496901e-08	0.0941530885836318	0.00548616474933213
HRK	0.909518361571548	1.08317971750936e-08	0.0805099890684798	0.00997151617691727
SURF1	0.922857907130843	9.69192009820453e-09	0.0720413947385817	0.00510056429291952
PAPL	0.886419985662387	1.45850109055015e-08	0.108414932313053	0.00516494819555693
LMAN2L	0.886053050300431	1.41113162323524e-08	0.104889752289462	0.00905706410416089
MANEA	0.904028541157144	1.21158104842343e-08	0.0900589741006001	0.00591235101369644
DNAJC4	0.914974365611396	1.05857852688307e-08	0.0786848496311507	0.00634065108645104
FOXRED1	0.908139831760766	1.06395776054912e-08	0.0790782827847689	0.0127817526490749
VSIG2	0.879966817601811	1.54589255897877e-08	0.114911365308674	0.00512168325469839
STMN3	0.907824199820851	1.16038601099002e-08	0.0862532960746873	0.0059223703772476
TPST2	0.911098471122519	1.10757770404768e-08	0.0823270510300076	0.00657434420787825
SPINK5	0.913520187360129	1.03128054461384e-08	0.0766521219433399	0.00982755749413011
MCCD1	0.923538877643702	9.504269647604e-09	0.0706457493201585	0.00581523929452934
DNAJC18	0.919794630135759	9.92376745762531e-09	0.0737635293905591	0.00644170681626102
C1orf198	0.918822483471068	9.87625939975977e-09	0.0734090437314478	0.00776833931834856
FSHB	0.908299370652892	1.15176287264301e-08	0.0856121147750505	0.00608838086715434
NSDHL	0.925498950044645	9.22155358105053e-09	0.0685439908693408	0.0059569253634447
FAM177A1	0.908061297816797	1.12477218346746e-08	0.0836034704178681	0.008335098362364
LEMD1	0.899618580417705	1.22705307204062e-08	0.0912058495483774	0.00917543674387863
SPINK9	0.905661504345106	1.18980183714345e-08	0.088439994296084	0.00589836762837144
COMP	0.914660436934817	1.07220622595707e-08	0.0796985870500534	0.00564084225008183
XG	0.762240705448169	3.13975466081302e-08	0.23339450484621	0.00436465576906904
FTMT	0.899725316719589	1.25807167188557e-08	0.0935140835779886	0.00676046608783981
AGGF1	0.902664500275411	1.23388778211926e-08	0.0917174766037583	0.00561788935269801
DNAJB14	0.909433725490792	1.13781398535836e-08	0.0845752986454272	0.0059908421457689
DGCR2	0.896061807703668	1.31631583306219e-08	0.0978444267220717	0.00609363187006335
NRG2	0.911039109008549	1.12517933036655e-08	0.0836367474464259	0.00532400973739806
FAM171B	0.913011971664088	1.1049802254584e-08	0.0821356852865922	0.00485220917828919
EVA1B	0.908762524557025	1.13139491379607e-08	0.0840969767928806	0.00714036508656488
PVR	0.918830470893982	1.02068732789233e-08	0.0758691849583153	0.00530021033687822
PATE4	0.913592296866733	1.04808723045906e-08	0.0779027975922282	0.00850477216087095
SYT9	0.925539415108465	9.25256294726001e-09	0.0687747753850914	0.00568567574742157
KCNE3	0.908860407222785	1.1519865653037e-08	0.0856293215833981	0.00551013741120316
KIAA1161	0.900644891609915	1.16826931558632e-08	0.0868327147046094	0.0125222608452127
DLG4	0.899886818928341	1.26845796293259e-08	0.0942871002660247	0.00582594706546256
PCDHB7	0.920581579774713	9.95147735240527e-09	0.0739705094184577	0.00544777701583536
TMEM70	0.906981193842731	1.17871125523397e-08	0.0876160532463674	0.0054026191138398
SPACA3	0.916810026398502	9.7130664882718e-09	0.0721926933530334	0.0109971472032435
EID3	0.824621016468346	2.29529124449543e-08	0.170619521712004	0.00475932793613847
MSMP	0.923879788043422	9.48538370664678e-09	0.0705055582654877	0.00561451992250445
PLD5	0.915518121898435	1.04070708050535e-08	0.0773555604947181	0.00712618404141272
ITM2B	0.919071008048763	9.98454846975987e-09	0.0742150830553797	0.00671377527500031
RNF13	0.907096162649257	1.10635888505788e-08	0.082232351090217	0.0106713531715215
C1orf210	0.920578985693947	9.8027380931174e-09	0.0728637220869079	0.00655715857723906
NR4A1	0.906783814605176	1.17440100529039e-08	0.0872951253617459	0.00592092630567008
CISD2	0.874100451091925	1.62511897039002e-08	0.120800815068753	0.00509860000140386
LIPN	0.918314048197837	9.95982522670507e-09	0.0740303570421795	0.00765546126567789
TBXAS1	0.902069826773031	1.19093609122692e-08	0.0885208000821031	0.00940923988624885
SPON2	0.902579412656377	1.23442951346392e-08	0.0917577022396504	0.00566275134186933
ADM2	0.918708883137659	1.02076476006214e-08	0.0758748250593962	0.00541615800770249
C1orf186	0.92435512344935	9.46112157108506e-09	0.0703254969314067	0.00531924581097543
SSR1	0.916020888434682	1.03435314425603e-08	0.0768832605732378	0.00709571742255126
TMEM234	0.900890643405812	1.23642469888053e-08	0.0919044756602597	0.0072047473790515
ZG16	0.855714788413295	1.87470855374553e-08	0.139354638813735	0.00493043891245203
C10orf35	0.895857096266857	1.05923078161067e-08	0.0787142481946423	0.0254285244326912
CDHR3	0.897018490462106	1.26270565384783e-08	0.0938561935953267	0.00912518264577546
GXYLT1	0.915496920951837	1.06610178615266e-08	0.0792451864774328	0.00525775875419991
CHGB	0.917681433655912	1.03399532221676e-08	0.0768582968602851	0.00546013569447055
C18orf32	0.907875115964195	1.16880283960674e-08	0.0868796522603209	0.00524509795725196
SOSTDC1	0.9159823792777	1.0555698678261e-08	0.0784619811160188	0.005555505829765
SPINK1	0.911209307768158	1.11469015949624e-08	0.0828564073937628	0.00593415111244814
FUT8	0.91270060378227	1.10378799763322e-08	0.0820466586595218	0.00525260374098564
ICAM5	0.918047864717295	1.0266657116351e-08	0.0763132594963613	0.00563874202101417
SIGLEC14	0.925288240849141	8.9068078142511e-09	0.0662017230388212	0.00850990273255902
ALK	0.909449736738503	1.12843609177572e-08	0.0838774955822893	0.00667263405282188
PTPRJ	0.922424839727856	9.66166737557749e-09	0.0718158474932575	0.00575917902974054
NOTUM	0.881932808645075	1.47014951603049e-08	0.109277212440843	0.00878984557222401
POMGNT1	0.912711322270492	1.09938244035754e-08	0.0817188471604554	0.00556969679444377
MRVI1	0.895514243654044	1.20491936729144e-08	0.0895547484619472	0.0149308753674354
UXS1	0.907925741748737	1.1666142564677e-08	0.0867168481248929	0.00535727632321531
STOM	0.91611124943427	1.05345101748018e-08	0.0783044441950053	0.00558417259806114
TYMSOS	0.922028206765473	9.70069104112588e-09	0.072105829731836	0.00586582976787917
TMPO	0.908738666300572	1.15374444257521e-08	0.0857600052482834	0.00550119466733052
HS3ST3A1	0.914850139182651	1.07284033259248e-08	0.0797459614950874	0.00540376552535416
ARSK	0.912679124358349	1.10080578198665e-08	0.0818247273030841	0.00549601455405554
IL31RA	0.905391128284218	1.19370259669595e-08	0.0887299833392011	0.00587875464350586
STX7	0.891421482096371	1.32565233344467e-08	0.0985345207289935	0.0100438640013039
PEAR1	0.920948466949575	9.93321938100525e-09	0.0738350171552005	0.00521638207313425
ADCYAP1	0.87970075309644	1.54892769662073e-08	0.115136946815584	0.00516216625860079
APOH	0.917259987852347	1.04027918318328e-08	0.0773254638071778	0.00541441454499872
GPNMB	0.917050773433328	1.03398558699558e-08	0.0768569411604669	0.0060921517018077
KDELC2	0.915935886123885	1.04453912647766e-08	0.0776411253160586	0.00642285490010297
DNAJC10	0.897473529389271	1.27607746667817e-08	0.0948516599826334	0.00767467713637338
SSMEM1	0.916042400165905	1.05515156500382e-08	0.0784309148366476	0.00552655121704149
LILRA4	0.915184936463568	9.01029545024709e-09	0.0669616721863044	0.0178532592262895
PEX14	0.895491169331421	1.33642384793279e-08	0.0993401144028983	0.00516858243716655
TNFRSF11B	0.917428296612066	1.04056128097551e-08	0.0773466234828388	0.00522494608415622
SULF2	0.919440618168735	1.00885455165063e-08	0.0749893061820483	0.00556994187464133
PRRG1	0.917524052101288	1.0378151690945e-08	0.0771423782123727	0.00533343587997896
C11orf68	0.919679903087925	1.00959951942443e-08	0.0750449795552578	0.00527498354260279
HYAL1	0.908094265147649	1.15923608601229e-08	0.0861679992630373	0.00573760183726914
ZG16B	0.907559664276975	1.10537317994965e-08	0.0821594676846338	0.0102807348968916
DEFB119	0.883291873077552	1.48218842080654e-08	0.110174400644946	0.00653359263242943
SPRED1	0.922129641976083	9.67222993919039e-09	0.0718941491654005	0.00597607513852046
SLTM	0.900552830862707	1.25175652255896e-08	0.0930449949056292	0.00640204056891155
ZNF843	0.902506472435864	1.22664292573874e-08	0.0911782209066247	0.00631517298308644
TFF3	0.851915023799538	1.86208953190493e-08	0.138411840334817	0.00967300264247227
ADH4	0.886205320680029	1.31586618858103e-08	0.0978011018406654	0.0159934451055288
SIGIRR	0.905729719729444	1.1270529034057e-08	0.0837708473152128	0.0104992998432167
DPEP2	0.918167479346872	1.02974594893528e-08	0.0765425829823232	0.00528980385858176
ETNK1	0.902052222873758	1.10725985040708e-08	0.0822943438959196	0.015653300810835
TCP11	0.911907717339053	1.08985859546437e-08	0.0810093632674915	0.00708278582218892
GRAMD1C	0.915500284641886	1.05484127792898e-08	0.0784072833853257	0.00609229826841078
DEFB110	0.914503914699574	1.06609306052759e-08	0.0792435431939536	0.00625240842361199
PAPOLG	0.915495139431337	1.03085945139691e-08	0.0766227648760075	0.00788196222878845
GPX7	0.918394241640661	1.02666405771133e-08	0.0763134831498187	0.00529214139761091
DPP7	0.908256472954216	1.1641400141477e-08	0.0865330681701632	0.00521032505271654
DEFB129	0.913619440263794	1.06903415139965e-08	0.0794615075510977	0.00691891859181891
PRSS57	0.929666814359101	8.66783795737669e-09	0.0644279057349004	0.00590514617647103
SCN2B	0.858741086828986	1.82304443902837e-08	0.135513286115014	0.00574549330501553
ISM1	0.914327961273237	1.04149866245749e-08	0.0774132716021752	0.00825863371134172
OXT	0.886956192647358	1.27794992026639e-08	0.0949804633905535	0.0180632118664657
SULT4A1	0.915849189379793	1.06026002265148e-08	0.0788108472290928	0.00533982958561463
PRDX3	0.908166384142311	1.16291658929103e-08	0.0864419416392178	0.00539154041992001
NCR1	0.929439394303506	8.76172026195178e-09	0.0651262663554947	0.00543420554818085
KIAA1324L	0.88854245647823	1.07155696718803e-08	0.0796241308826188	0.0318332823940686
UST	0.894402097745651	1.0619015110824e-08	0.0789115235756001	0.0266862477419634
C1orf115	0.912844014924243	1.07670522646432e-08	0.0800315442486348	0.00712430726143539
VSIG1	0.893274820021879	1.32159239549129e-08	0.0982342715974623	0.00849077499860872
DAG1	0.908756371670286	1.01737178230394e-08	0.0756123874806005	0.0156311084266446
CDHR1	0.904271654593213	1.19791130459464e-08	0.089042037200394	0.00668617458182542
NGFR	0.861433422962041	1.66598700513309e-08	0.123829169529639	0.0147372749657295
LHB	0.922151218550284	9.61438392001831e-09	0.0714637323487328	0.00638491543593146
LDOC1	0.907821359989954	1.11836551622489e-08	0.0831265032788772	0.00905200342454217
PATE1	0.90432758589119	1.18515089933027e-08	0.0880925777857006	0.00757970281862222
SPAST	0.892236532539511	1.09952199750833e-08	0.0817087364695182	0.0260545999692997
LRRC74A	0.903262631187358	1.08778125420765e-08	0.0808461323419674	0.015891104083145
COX7A1	0.871144302132581	1.66140049878441e-08	0.123497603288398	0.00535796077595729
DEFB115	0.867094268748841	1.70777190363557e-08	0.12694409502598	0.00596150250322399
RNASE2	0.905566786739325	1.19945272681964e-08	0.0891580325053371	0.00527504694113277
FAAH2	0.90564269288903	1.13253778824653e-08	0.0841788963479123	0.0101782776077889
QSOX2	0.927894817228392	8.99484936538194e-09	0.0668594588220634	0.00524559013137903
CYTL1	0.915900189745128	1.05634270001907e-08	0.078519406114166	0.00558027036751866
FASN	0.910114038778451	1.13532164360593e-08	0.0843905218246361	0.00549530561230593
BOLA2	0.917299597940501	1.03871057768771e-08	0.0772087818444939	0.00549148642988624
CTNNB1	0.90433267009719	1.09763954834546e-08	0.0815807696616073	0.0140864276111459
SNCA	0.91790788778909	1.03144264333413e-08	0.0766685759755807	0.00542340244106037
BMP6	0.915653715024238	1.061736058035e-08	0.0789204849304343	0.00542566625136293
GH1	0.915657204939741	1.05602454454916e-08	0.0784954885973414	0.00584717272559901
RSPO4	0.910224350437723	1.13700573284273e-08	0.0845159471278452	0.00525956861814588
CTSH	0.88347643399359	1.4960022246934e-08	0.111202485310646	0.0053209468877267
KLK3	0.760164485018598	1.04383806032094e-08	0.0774330308841911	0.162402371399125
IGFBP2	0.922791529749863	9.68863436761622e-09	0.0720168788220566	0.00519145760264147
RNASEH1	0.898268825536365	1.2687469994176e-08	0.0943069881667538	0.00742405277147655
MMP10	0.920922216663013	9.84854867168575e-09	0.0732049470757111	0.00587270252738809
EFEMP1	0.914298384088598	9.47526017224354e-09	0.0704206369671198	0.0152808464747414
LEP	0.909407490362155	1.07635898048205e-08	0.0800023397498214	0.0105900367880901
ADAM30	0.906035696491337	1.13336754020052e-08	0.0842410324752164	0.00972313781701394
DMKN	0.906095049619429	9.98826250142451e-09	0.0742297306130594	0.0196750878885075
FAM134B	0.7909021080172	2.75068231156705e-08	0.204471905352608	0.00462585272874329
PLVAP	0.914500615285106	1.07493641956616e-08	0.0799015836945837	0.00559766724946055
ARL8B	0.910275771274425	1.11159386728036e-08	0.0826250745076436	0.00709902064884492
SPINK14	0.91369031924397	1.01767517277713e-08	0.0756399019772883	0.0106696456895078
CDCP1	0.92042663916801	1.00031216831363e-08	0.0743546453106649	0.00521858169953084
ERMAP	0.90984845589804	1.08280106108313e-08	0.0804821432636559	0.00966926761463088
ZPBP	0.912579671513232	1.06773318987176e-08	0.0793636608028298	0.00805653424353109
ADAM10	0.908282710180139	1.11970301503999e-08	0.083226489808125	0.0084906666296715
OLFML3	0.920736469686559	1.00083156441791e-08	0.074393604270939	0.00486979217383298
PGRMC2	0.900226224999001	1.26433121468667e-08	0.0939803642616708	0.00579327699476561
C11orf73	0.895078002998671	1.3340458839726e-08	0.0991627539816044	0.00575910927057017
CAV3	0.917104446275054	1.02204684660619e-08	0.0759686204471101	0.00692679968560613
GAL3ST1	0.912801877424649	1.04190471297909e-08	0.0774419586440611	0.00975603071927612
GPC1	0.915201799080321	1.06312984738808e-08	0.0790237459183736	0.00577432125419633
CD1D	0.915186824521013	1.0215158959263e-08	0.0759271922976553	0.00888584985237588
VCL	0.906155718803338	1.11350111340774e-08	0.0827628705544318	0.0110812776083148
NMU	0.897225142831934	1.2495704771426e-08	0.0928789979088936	0.00989572606593297
A4GALT	0.918597297180308	1.02186340946279e-08	0.0759564650385492	0.00544610398992475
DCUN1D5	0.773274000215229	2.98348381040863e-08	0.221777268088645	0.00494859783805001
ECE1	0.905526868586125	1.05141320896193e-08	0.0781422137066349	0.0163307853787999
EMILIN3	0.926827716454492	9.04101302559535e-09	0.0672018993854703	0.00597025043925886
FAM24B	0.901232010214688	1.2325529255817e-08	0.0916167145770949	0.00715114164613681
ERLIN1	0.915530332375133	1.04425524035282e-08	0.0776195950861518	0.00684993893615676
NOG	0.921565610633997	9.82195699545822e-09	0.0730077196072239	0.00542653596493039
PCDH10	0.91678853392522	9.70140963585730e-09	0.0721059319536166	0.011105401090491
ARMC5	0.917432191640695	1.00617659690348e-08	0.0747880262682127	0.00777964861347535
CA5A	0.913990424781059	1.0855778844059e-08	0.0806929157722568	0.00531652563805334
DPEP1	0.915429379451791	1.03858325548358e-08	0.0771974355722921	0.007373051443659
TTC17	0.911855026206251	1.08373093176332e-08	0.0805533445145511	0.00759149577629564
PVRL1	0.900205181716958	1.11976560359838e-08	0.0832230614745233	0.0165716245124433
COL20A1	0.914351301415404	1.0294164680648e-08	0.0765142459599534	0.00913431932907843
HEPACAM	0.911344058642336	1.12105805370536e-08	0.083330384097611	0.00532542345261682
BAMBI	0.910861926596185	1.06049489404612e-08	0.0788233320050346	0.0103146082618337
TXN	0.920355633800821	1.00078239142902e-08	0.0743895640390955	0.00525466834313806
PSAPL1	0.922158147979737	9.75282175037393e-09	0.0724938699856289	0.00534784823021087
OLFML1	0.918739407535121	1.01440943857643e-08	0.0754019493460775	0.00585850938300608
IFNGR2	0.906391290092106	1.17183665252015e-08	0.0871039162122523	0.0065046600466821
ESRP1	0.91456664755999	1.07181080852401e-08	0.0796690697327198	0.00576414895881354
BST2	0.922057158200155	9.58032671538438e-09	0.0712102148923804	0.00673249328912165
TNFSF10	0.86248611663374	1.58176858642147e-08	0.117563440675795	0.0199503108484466
CANX	0.91413830082008	1.08396154004351e-08	0.0805727898837793	0.00528877548377984
MTX2	0.910671174106259	1.05489472309056e-08	0.0784064263518241	0.0109222664866333
C1S	0.91357812607881	9.9516093874081e-09	0.0739644814399308	0.0124572596322607
CILP2	0.916196617489866	1.03325457795532e-08	0.0768016909849542	0.00700155794299646
MYRF	0.909112834772525	1.04816600101478e-08	0.0779041750468751	0.0129828574022342
PLA2G2C	0.908003249920873	1.07206162397451e-08	0.0796811632101296	0.0123154540009404
SUN3	0.894244633633268	1.34299794082486e-08	0.0998280519018308	0.00592718073833498
CLEC4A	0.911255971096451	1.11789026211434e-08	0.0830945771618819	0.00564931797775831
BATF3	0.915376413879739	1.06216722194816e-08	0.0789522907195488	0.00567116163973906
CA11	0.877773421732613	1.55550507981263e-08	0.115624447672011	0.00660199695949645
PIK3R1	0.889464930253653	1.37911433041735e-08	0.102510726586578	0.00802420971501894
PAEP	0.915545509643119	1.06617913236243e-08	0.0792509905289527	0.00520336600408908
BTN2A1	0.916755524764055	1.01425967412541e-08	0.0753888193442089	0.00785552242431619
NPM1	0.905784352278627	9.44326539035103e-09	0.0701740378179527	0.0240414786112089
SEC61G	0.9101421828612	1.12712893288315e-08	0.0837809216305432	0.00607676180179102
CLN5	0.883158148686975	1.36079740341392e-08	0.101141431364208	0.0157002875356445
NRXN2	0.917947491459922	9.89979089992574e-09	0.0735832682726976	0.0084691068824198
EVA1C	0.910035222469037	1.06254061188377e-08	0.0789747285253009	0.0109899159594691
YTHDC1	0.902429731337372	1.23882495776371e-08	0.0920846221194152	0.0054855127572901
CACNA2D3	0.913403703368762	1.08590511388632e-08	0.0807166779590412	0.00587948493922031
NUDC	0.913052618317946	1.09394487596257e-08	0.0813145738165024	0.00563267409940697
CCPG1	0.913658576489514	1.07545051929371e-08	0.0799389955233093	0.0064022943244597
TMEM132B	0.919919956681963	1.00126643408741e-08	0.0744251460576617	0.00565476349719797
CPVL	0.89669970930346	1.30828796169579e-08	0.0972477027687378	0.00605245421807084
HNRNPAB	0.916329164693108	1.05207198925517e-08	0.0782020473634399	0.0054686541552648
LRRC37A2	0.903676019937074	1.10374813998066e-08	0.0820346591902923	0.0142891882698245
UGT1A8	0.910284551288654	1.07977147179625e-08	0.0802571448168895	0.009458170642414
NEO1	0.905486977225768	1.2007523321215e-08	0.0892546576362615	0.00525823132150412
COX6C	0.91704984690781	1.03736501199024e-08	0.0771084068608992	0.00584161249322471
KCNMB3	0.916161891826087	1.00186873685107e-08	0.0744662022232324	0.00937177268702745
LRTM2	0.907419953957892	1.09676804652482e-08	0.0815190106537812	0.0110609023516725
UGT2A1	0.91564680511625	1.06579786194776e-08	0.0792227211865411	0.00513033986355517
KCNE5	0.916572706482857	1.05206919695947e-08	0.0782020833713393	0.0052250763248824
GNPDA1	0.909886866356538	1.14175801020265e-08	0.0848692313464411	0.00524376847861126
SIGLEC11	0.914916764970302	1.01795682465666e-08	0.0756620876684135	0.00942101410424894
STIM1	0.889270608370224	1.29590239565582e-08	0.0963186430158297	0.0144106160274558
PABPN1	0.910188906942013	1.13738588788573e-08	0.0845441993921621	0.00526675985050505
TMCC3	0.755992738983334	3.2221152527643e-08	0.239516790350048	0.00449033674695383
CALY	0.919986665663	9.85987211345336e-09	0.0732882695292449	0.00672493118839639
RRM2B	0.913034747933424	1.07785700095429e-08	0.0801174399441262	0.00684767851958739
C7orf73	0.89302310194183	1.06915892769927e-08	0.0794501753309405	0.0275265919033766
BDP1	0.915365588647142	1.04516520306746e-08	0.0776871414762239	0.00694713628713834
G0S2	0.916281251307647	1.04266552392188e-08	0.0775020542571512	0.00621656074752438
ENTPD6	0.911013448748774	1.12821772867379e-08	0.0838628122278503	0.00512360518881731
MEF2C	0.898654832308453	1.18699336212972e-08	0.0882239989802002	0.0131210359515517
ABCC6	0.902664959871038	1.23362171232243e-08	0.091697678525691	0.00563722783773832
MRPL21	0.913544576468902	1.08182261156329e-08	0.0804130356093982	0.00604225421059709
FAM175B	0.911167027958182	1.11202228133088e-08	0.0826578454042517	0.00617499294430208
NR1H4	0.912591732753646	1.00327649441209e-08	0.07456738123555	0.0128407532133426
ADAM19	0.910723603649449	1.01507515254218e-08	0.0754434620054055	0.013832801681004
CLCA2	0.915559413762539	1.0663698864765e-08	0.0792651986646174	0.00517525374522676
CSPG4	0.92035105063987	9.79166830186359e-09	0.0727811224231119	0.00686769333684569
HDGF	0.921063016714714	9.89822135681894e-09	0.0735747077789077	0.00536214170387729
MAP4K1	0.913696496756848	1.04896704880479e-08	0.0779683701204398	0.00833499971972831
GLT8D1	0.917943223327007	1.00936983872253e-08	0.0750261503501911	0.0070304927445079
ERLEC1	0.907888431814564	1.12011499201997e-08	0.0832567507826905	0.00885468406960083
CHL1	0.914483485173632	1.04717590697268e-08	0.0778358771175245	0.00768050421790219
ADAM17	0.919057462349153	9.76027824226739e-09	0.0725462507493846	0.00839615350669736
RPS6KB1	0.905155476440901	1.12509469383416e-08	0.0836245600286568	0.0112198305151464
VTI1B	0.91292426643489	1.06952933487739e-08	0.079497658813445	0.00757794124694094
DUSP26	0.910345739494069	1.12031762101616e-08	0.0832742883907711	0.00637983844942548
RIPK2	0.905138437165106	1.1933467164129e-08	0.0887032489626561	0.0061581801767151
FCRL4	0.914467651096	1.06492061102744e-08	0.0791562636728951	0.00637595156484734
COL15A1	0.914982502790482	1.05742531811789e-08	0.0785990462789913	0.00641831726996332
RQCD1	0.908259772079056	1.11742542461265e-08	0.083056988907654	0.00868310565708717
B4GALNT1	0.899683808344518	1.13673305602381e-08	0.0844851058595369	0.0158309534003315
MAP4K3	0.911706341624769	1.08378058712577e-08	0.0805568905897381	0.00773663430209603
CD200R1L	0.912678849902062	1.10313003155746e-08	0.0819976769245222	0.00532333936570065
THBS3	0.878872888802537	1.56151436631835e-08	0.116072705675154	0.00505427167843414
SERAC1	0.871482681045711	1.30135233994177e-08	0.0967063734629878	0.0318108152431993
SCUBE1	0.870204298990232	1.59313703806374e-08	0.118417105229479	0.0113784627863123
ATP1B3	0.219620819318697	1.04545931115889e-07	0.777156293499104	0.0032227530921862
TMEM2	0.913982162571561	1.08555715103573e-08	0.0806913647095284	0.0053263389115971
SLAMF8	0.907410345585136	9.26739074341673e-09	0.0688669633828303	0.0237225596969628
CEACAM3	0.911325752601608	1.06943166171563e-08	0.0794887907348613	0.00918532337482073
SLC3A1	0.923864676643045	9.5112251746709e-09	0.0706978322660711	0.00543735729849053
SERPINA11	0.915207446863842	1.00769014700359e-08	0.0748984241777382	0.00989399576494723
MARCO	0.921699457876879	9.81925475157528e-09	0.072987745902749	0.00531266241122033
PLXNA1	0.923209768670429	9.65279570775624e-09	0.0717506181790064	0.00503947930469997
PRPF6	0.901175342773538	1.10446597438436e-08	0.0820855708352595	0.016738954117615
TMEM25	0.912140192927568	1.10847194601277e-08	0.0823946352956622	0.0054650379880964
PRG3	0.911846506865123	1.11615373517511e-08	0.0829659514622281	0.00518740784666502
NR1H2	0.914914461000051	1.05629985217079e-08	0.07851523104436	0.00657017431543268
LCT	0.917843288357	1.02797128903507e-08	0.0764102041257378	0.00574637376639673
HAVCR1	0.911249126022317	1.0905292466174e-08	0.0810586078863419	0.00769213260196331
DEFB132	0.912629238572898	1.04049864964998e-08	0.0773371591563798	0.0100334690959931
AHSP	0.885287582516412	1.4591488049419e-08	0.108461995896788	0.00625028790365388
BTNL8	0.905840679168673	1.19345400336599e-08	0.0887119352446142	0.00544725179564901
NLGN2	0.920132175991266	1.00414349164372e-08	0.0746394434189866	0.00522824676925141
MTPAP	0.909988821977588	1.13604385333216e-08	0.0844441368805521	0.00556690736687518
C17orf89	0.90643827966731	1.08039871250015e-08	0.0802999683461909	0.0132616192455962
ROS1	0.907973391751874	1.01044441718629e-08	0.0750961310701289	0.0169303449301306
MXI1	0.575218667301866	5.6693650493624e-08	0.421438309807885	0.00334288881638337
STX18	0.913805585820867	9.67452729479309e-09	0.0719029116444601	0.0142913699321565
JTB	0.91575703330293	1.01497706952052e-08	0.0754412020116713	0.0088016313451246
TOR1AIP1	0.914598712951465	1.07427503782476e-08	0.0798524677677846	0.0055486855033177
EPDR1	0.915752939852657	1.04664168995932e-08	0.0777973961838321	0.00644953030714139
CNTNAP5	0.871611497183088	1.65057756981729e-08	0.122692725232448	0.00569564382678036
RSRP1	0.911625088618779	1.06462615283238e-08	0.0791315073154329	0.00924327078486467
IL32	0.908985302230213	1.11131204988616e-08	0.0826028124129807	0.00841175196413801
CRIP2	0.91354236864692	1.04022256591071e-08	0.0773175295143321	0.00913996854394243
MYZAP	0.90472238165943	1.21139297279248e-08	0.0900456737268994	0.00523181079365439
ADRM1	0.907321318198042	1.06946129840274e-08	0.0794869875890582	0.0131915614625823
TIMM21	0.905289176170993	1.06754541944955e-08	0.0793423908107902	0.0153683005604294
RAPGEF5	0.914977036216839	1.04113651133701e-08	0.0773869732747633	0.00763585701145758
IGSF9B	0.912918139104663	1.07754844711121e-08	0.0800943633971182	0.00698736391412857
ARHGEF10	0.914898927458925	1.06773284562902e-08	0.079365956765195	0.00573498202348395
FAXDC2	0.90934544799347	9.87789534020263e-09	0.0734117304159584	0.0172426893846797
KIAA1024	0.90953674798652	1.07024142496774e-08	0.0795472552887794	0.0109158636685558
PENK	0.892563954030621	1.13808582191777e-08	0.0845786396341306	0.0228572748838939
SNTB1	0.910472993556066	1.11553468916721e-08	0.0829185126983756	0.00660836011053499
SLC30A3	0.886547388604362	1.44783431649319e-08	0.107621333778677	0.00583114387748842
NHLRC3	0.886782309280944	1.4443238509292e-08	0.107360351437753	0.00585720554533191
JPH3	0.910700500580687	1.10989122204208e-08	0.0824988040091346	0.0068005618009834
CLEC4C	0.917051658742735	9.98969009225251e-09	0.0742513210472558	0.0086968868556584
MTFR1	0.904747049280862	1.20330590619146e-08	0.0894439311449439	0.00580888583172899
KIAA1324	0.913610913920923	1.08472315305057e-08	0.0806289344072357	0.00576001792280934
SYT5	0.914618990444026	1.06918867626507e-08	0.0794740064624514	0.00590686936422545
C5orf46	0.891490123585765	1.37697836058655e-08	0.102353814008038	0.00615592871037164
ZFYVE27	0.863149436496292	1.76489004987639e-08	0.131190368589627	0.00566006115161745
LYSMD4	0.920079691918043	9.6088355855498e-09	0.07142037299809	0.00849980170303102
ARMC10	0.916484853744344	1.01663085864556e-08	0.0755649907781534	0.00795002202278169
SYT17	0.90159646429233	1.21431865959264e-08	0.0902602481636604	0.00814315411524363
JPH4	0.892894407121077	1.0930905742194e-08	0.081230825917883	0.0258746359151837
UMODL1	0.899210376184131	1.28079742890121e-08	0.0952046160048978	0.00558487403840203
ADAMDEC1	0.893540798636863	1.29609799589073e-08	0.0963374723037941	0.0101215958964569
HEPACAM2	0.920355881534491	9.72853514771139e-09	0.0723113467071946	0.00733263822062489
IL36G	0.925362719977633	9.19527932254327e-09	0.068348344935508	0.00628880140888911
FUT2	0.915980247972031	1.0586039581288e-08	0.0786877488867273	0.00533186933467198
DOS	0.897762204263061	1.10248540046481e-08	0.0819347776563101	0.0203028862859919
MASP1	0.878757226146682	1.18444827140952e-08	0.0880146985315676	0.0332279452640944
NT5DC3	0.914876090554355	1.02128216475675e-08	0.0759094890663179	0.00921428709450875
SLC26A5	0.905180327223272	1.20376797929618e-08	0.0894787482105294	0.00534079076082658
CCL26	0.909381456067873	1.14758633371895e-08	0.0853024172159562	0.00531599290746749
IL17A	0.912765862856936	1.07284435641131e-08	0.0797441745487811	0.00748982907771846
CSRP3	0.911877147226158	1.09455830837633e-08	0.081359043330531	0.00676367582915831
MMP8	0.914165982248683	1.06127557990166e-08	0.0788847310378888	0.00694915312420261
PGM1	0.918548396645003	1.0246518207355e-08	0.0761639047538502	0.00528756478862294
DSCAM	0.91696823709852	1.03144130631578e-08	0.0766675358952065	0.00636409333842145
IFNAR1	0.895494989890439	1.19590983635493e-08	0.0888843203569268	0.0156205573287471
TFF1	5.59900869642218e-27	1.34523111412349e-07	0.999999857222658	8.25423746636392e-09
HMGN1	0.920502492512834	9.73095396355957e-09	0.0723294921323504	0.00716788179498555
CXCL9	0.923703238466482	9.51826649097633e-09	0.0707500658539158	0.00554656190188409
CD63	0.914493277625697	1.07482127671117e-08	0.079893008446602	0.00561358015898879
TFF2	7.44310480768045e-20	1.34523109295211e-07	0.999999841468812	2.40080812385476e-08
LGALS7	0.916110592379882	1.05580580279064e-08	0.0784796656305047	0.00540960819349069
LGALS9	0.91246055232739	9.98228931311191e-09	0.0741916553554789	0.0133476595877918
UBE2G2	0.919386918574058	1.00267926177513e-08	0.0745297425050628	0.00608320521528079
ATP5O	0.904902009546984	1.20858733382627e-08	0.0898370829387298	0.00526077369816108
CRYZL1	0.868942522359062	1.69265575097912e-08	0.125821136045223	0.00523620777628977
SERPINF1	0.902065926650843	1.24933626857858e-08	0.0928664158292776	0.00506752367778476
FTCD	0.910946527856503	1.12331770551726e-08	0.0834981292766893	0.00555520909025114
USP25	0.907022288372215	1.14884047932748e-08	0.0853933780023559	0.00758420012154666
PLXNB2	0.923053959133473	9.62346930266615e-09	0.0715322412969756	0.00541366577397434
NENF	0.9177815934271	1.01068223564177e-08	0.0751236454167452	0.00709462758647819
EPHB3	0.914108839008211	1.0711553671758e-08	0.0796198393741762	0.00627118793727689
ITPRIPL1	0.918967421327639	1.0185584117944e-08	0.0757109071222974	0.00532153774210429
MANF	0.91672337604548	1.04938260683345e-08	0.0780023221473651	0.00527416799282995
TMUB2	0.913970969471434	1.04181816030268e-08	0.077436688429315	0.00859220873083393
CTRL	0.875528624145014	1.50339655410258e-08	0.111744749502961	0.0127264935392076
IMPAD1	0.914743579148239	1.03116792359424e-08	0.0766449663094007	0.00861132117651172
TFPI2	0.915638895343902	1.01746948215522e-08	0.0756265468450302	0.00873442446176182
PLXDC1	0.921340867586885	9.85116463950867e-09	0.0732248318420893	0.00543416677820221
ACP2	0.925624491908265	9.26591611110111e-09	0.068874222867224	0.00550115144068999
SIRPG	0.918233112428862	1.01114188055922e-08	0.0751583000576407	0.00660845387848566
PPT1	0.900670258016065	1.25081917976181e-08	0.0929753637703919	0.00635424454436891
TMEM9	0.90587888904627	1.19024311586449e-08	0.0884730479199625	0.00564792926967128
MAN2B2	0.924849056564249	8.81030560721137e-09	0.0654832001721075	0.00966761003974714
ABO	0.918402502369736	1.00698102164088e-08	0.0748488556553339	0.00674850835873975
FCER1A	0.909432748385003	1.07921121440538e-08	0.0802146028096091	0.0103525156735347
IL17C	0.912085442575203	1.0823122467032e-08	0.0804480092891009	0.00746641461598417
NPTX1	0.924886156882702	8.91574321657421e-09	0.0662678098365725	0.00884589994640035
TACO1	0.908600607567208	1.14556124518884e-08	0.0851509465825192	0.00624831216686199
SIAE	0.918919727270718	1.01828690684425e-08	0.075690656406798	0.00538948252365537
CTSO	0.920850507622543	9.80392270333778e-09	0.0728728086920016	0.00627655000583891
GLIPR1	0.866991015513217	1.7202697953319e-08	0.127873973156026	0.00513487749771378
TREM1	0.896441234624325	1.32381646900557e-08	0.0984029368707466	0.0051556946746831
CPA4	0.903797367417921	1.07178193781622e-08	0.0796561413708262	0.0165463589117834
CTSL	0.925215956177782	9.05800817685879e-09	0.0673267487496542	0.0074571615516098
CPA2	0.911345060747137	1.09169764776844e-08	0.0811456458962733	0.00750915984262298
EPYC	0.907667673744431	1.16722596170526e-08	0.0867621074394255	0.00557008504158719
CD44	0.914810629000761	1.03645245884649e-08	0.0770382613459004	0.00815097622562363
SPR	0.920907670197039	9.92760052303245e-09	0.0737931657945357	0.00529903019744175
FKBP7	0.912587307310291	1.02467493296207e-08	0.0761596575021515	0.0112529021767065
RMDN3	0.897466927685138	1.30962643495064e-08	0.0973480679814961	0.00518487050704046
MFAP2	0.910631386004222	1.08081700131076e-08	0.0803352909681214	0.00903318971850206
PTPRD	0.920156603987553	9.91012601376207e-09	0.0736623842841631	0.00618087803581098
B3GNT8	0.901938068943474	9.41447246386235e-09	0.0699559364387837	0.028105863871738
GADD45GIP1	0.915008232914057	9.86413571305624e-09	0.0733150120130133	0.0116766221190222
DEFB118	0.918401732596648	1.01823369060617e-08	0.0756861780163549	0.00591195565838515
CD8B	0.904368444352595	1.00127985989183e-08	0.0744105780046234	0.021220845971509
AZGP1	0.89933011646377	1.27271335597045e-08	0.0946031913529862	0.00606655847540731
CBLN1	0.857828326203484	1.84358872795414e-08	0.137041094950084	0.00513044501279269
PSG5	0.911147359965209	1.11758828641189e-08	0.0830719981070574	0.0057805081814561
MUL1	0.911769753030947	1.08386087991083e-08	0.0805629287366318	0.00766718473969107
WFDC1	0.922315541741809	9.63869883208789e-09	0.0716448266974353	0.00603949784928326
LRRC25	0.908782027569154	1.05065261834073e-08	0.0780888757629576	0.0131289639091578
NMB	0.91340211081464	1.07261815509198e-08	0.0797279795516334	0.00686977603383433
RCN1	0.134990910781947	1.16239968979149e-07	0.864088165191801	0.000920789626884165
ITIH2	0.926003270094514	9.23245125963302e-09	0.0686255864860378	0.00537100961813895
LYPD1	0.925487268711037	9.25803264006748e-09	0.0688154237556102	0.00569717377587586
DEFB136	0.919211482519251	1.01202327579386e-08	0.0752248649692058	0.00556351873610406
ERP27	0.901144980784005	1.26114910304113e-08	0.0937444996066886	0.00511038577297246
PSG9	0.914503369242556	1.06152018218201e-08	0.0789032698799168	0.0065932272404695
TAC1	0.914189750278692	1.08431776268225e-08	0.0805993482922462	0.00521076760621671
FKBP2	0.916614935569718	1.04685436613613e-08	0.0778140845042807	0.00557084615154746
FKBP14	0.908557829556873	1.15058466895081e-08	0.0855247020959728	0.00591733461926396
IL2RB	0.910436459661908	1.13329994008068e-08	0.0842404074469371	0.00532299908339279
WFDC13	0.907818378146805	1.17505787089027e-08	0.0873450390327801	0.00483644894726493
C1RL	0.919186272280168	9.74641695084844e-09	0.0724432363364661	0.00837035798513352
FSTL4	0.919239789943957	1.00487857118569e-08	0.0746932481943681	0.00606682815387547
CREG1	0.919954783135848	1.00389092026567e-08	0.0746204717421905	0.00542461132785463
DLK2	0.904703489480402	1.03243580453504e-08	0.0767292605449465	0.0185671179467467
EDIL3	0.907243644422795	1.17359398797111e-08	0.0872355346301456	0.00552068716586395
PCDHAC2	0.91055303400774	1.13248762110745e-08	0.0841800786144794	0.00526675356245879
CT55	0.920597879821986	9.7731190828597e-09	0.0726433427771004	0.00675864378608622
EYS	0.912343718322682	1.10661687956636e-08	0.0822568015466865	0.0053993463331295
IL21R	0.921971244881239	9.79727238135652e-09	0.0728244447942071	0.00520417650082359
LRTM1	0.909195657187817	1.14483724927843e-08	0.0850976689179148	0.00570654013804875
LRRC4C	0.913963632402602	1.08416346757851e-08	0.0805876406843198	0.0054485931221947
GGH	0.873347845102436	1.43008613570686e-08	0.106287459908026	0.0203645632031899
MPZL2	0.896391543705349	1.219813857431e-08	0.0906639415800829	0.0129443819310323
NNAT	0.893602571767997	1.33414935497747e-08	0.0991689764613934	0.00722831821890165
KITLG	0.89085300885799	1.39392438642482e-08	0.10361414816056	0.00553270920187171
FIBCD1	0.915708260741038	1.03434227148487e-08	0.0768821385780313	0.00740946715356659
SMIM10	0.910890222287008	1.12666083644811e-08	0.0837468388625334	0.00536280504804554
PLA2G12B	0.919221779276924	1.00866709984086e-08	0.0749751386344388	0.00580294834537602
CHI3L2	0.901238680656024	1.09486220873411e-08	0.0813710077640331	0.0173901793938715
GAA	0.916294685623317	9.92908918794446e-09	0.0737996255065504	0.00990555567821361
TTC9B	0.87787964025376	1.57310552454455e-08	0.116934221911685	0.00518600400838078
MCEE	0.90910033333151	1.1483574635475e-08	0.0853595164069837	0.00554001648290894
PCSK1N	0.913704991424643	1.0545983731557e-08	0.0783874114908288	0.00790746362408784
MGAT4A	0.912619979172572	1.05816600614805e-08	0.0786517967786001	0.00872809069867237
CPQ	0.909586442635504	1.14513966329463e-08	0.0851205630449449	0.00529286050773917
GALP	0.921065022242679	9.8854792676968e-09	0.0734798945386179	0.00545494942867346
TRABD2A	0.914018576262043	1.08494965020444e-08	0.0806461963731424	0.005335093558677
DCBLD1	0.91955149908298	1.01120599994931e-08	0.0751643909565662	0.00528397614744699
ACVR2B	0.920944458379359	9.88666835907604e-09	0.0734886220101711	0.0055667858354703
CPM	0.913799892430719	1.0875714594888e-08	0.0808410691030497	0.00535890466329465
CTSK	0.922067855495992	9.73671911061016e-09	0.0723739581382153	0.00555805258961784
C19orf18	0.912617801449238	1.10396183882229e-08	0.0820595114830808	0.00532255325985949
C4BPA	0.912037970894914	1.10056749024485e-08	0.0818063539643976	0.00615554144481047
CDK2AP1	0.865589579378627	1.73776013405218e-08	0.129174045125601	0.00523624167635123
UMOD	0.880037159766832	1.54582394867732e-08	0.114906330355357	0.00505637603421716
VEGFB	0.914799519436342	1.07047725914756e-08	0.0795700720025036	0.00563027479468665
CAV2	0.910605494663778	1.09693688440811e-08	0.0815347627911002	0.00785960907824997
FAS	0.922774341899981	9.68144973438482e-09	0.071963399992784	0.00526212429129221
LMAN2	0.918168371926656	1.02921528369738e-08	0.0765030965079388	0.00532839775836888
METTL24	0.908155203507263	1.16339990490625e-08	0.0864778944791868	0.00536676821166924
ASGR2	0.919282670182836	1.01363689177401e-08	0.0753450071188579	0.00537218889715546
GPX5	0.90785738236654	1.15392513803538e-08	0.085772568824496	0.00636991514189517
PRPSAP1	0.911090427932408	1.12099680464656e-08	0.0833255726050158	0.0055838656898725
NUDT9	0.913167686451396	1.09713337945216e-08	0.0815519489543526	0.00528023078074247
DSG2	0.923317393717221	9.60690273700413e-09	0.0714092314085363	0.00527324105979393
DEFB125	0.91842514876881	1.00287841991811e-08	0.074543599342799	0.00703111831018012
C4orf32	0.922493905547182	9.47186256722688e-09	0.0704035587511305	0.00710240213305735
CXCL17	0.876214774843893	1.18906541993385e-08	0.0883557204943042	0.035429374899994
NMS	0.923913215620529	9.50114484398672e-09	0.0706228720350086	0.00546377855562008
RAB27A	0.915188608149195	1.04399783531494e-08	0.0776000992356699	0.00721115906111937
TMEM38B	0.911781742973843	1.05921964001243e-08	0.0787293597258415	0.00948876405238447
NXPH2	0.918996547552845	1.01219390436531e-08	0.0752373464735354	0.00576597222538842
AIFM1	0.914405105901952	1.06970027201984e-08	0.0795118607510073	0.00608289964140077
PTK7	0.926468865487562	9.17965956626669e-09	0.0682332239115537	0.00529777678973232
CLPSL1	0.896325136451864	1.32611470003486e-08	0.0985738344850132	0.0051008952255121
LST1	0.91575974492583	1.04675824487094e-08	0.0778060759713382	0.00643404544438265
WBP1L	0.916413245434862	1.04223016362012e-08	0.0774697907577842	0.00611683010627307
EDDM3A	0.910607702247982	1.13127668548606e-08	0.0840900263228608	0.00530213761859192
B3GALT1	0.91047991086729	1.1207954284174e-08	0.0833099768561722	0.00620997858797581
COG8	0.913598190392895	1.09100008492423e-08	0.0810959948843806	0.00530568091263426
C7orf69	0.900833663730034	1.26429051594061e-08	0.0939779438713122	0.00518825857278423
GZMK	0.851288205153947	1.72884439587443e-08	0.128496299821262	0.0202153632183931
EMID1	0.900983922820336	1.23347356338321e-08	0.0916849718846927	0.00733097175705758
MANSC1	0.894068044343079	1.28301407060338e-08	0.0953644112044705	0.0105674113494771
VCAN	0.913048320764708	1.00120377277813e-08	0.0744136048472697	0.0125379415498657
PAWR	0.918029517740718	1.01933460905353e-08	0.0757677259478761	0.00620262262185574
FCAMR	0.903626155151224	1.22371512273001e-08	0.0909614807573565	0.00541223029565001
TXNDC11	0.919260738673862	1.01448665208023e-08	0.0754082167385313	0.0053309107809071
BIN1	0.911160096496963	1.12037173943293e-08	0.0832791305723231	0.00556063915488655
MNX1	0.919971255299976	9.99720760982975e-09	0.0743101822189576	0.00571842872644637
SYT2	0.898512055193158	1.2196328257896e-08	0.0906525934564534	0.0108352182834062
MANSC4	0.918608047056661	1.00775091933741e-08	0.0749063503167434	0.00648546897505617
PRRG4	0.909269851736526	1.14843432468643e-08	0.0853654054146439	0.00536460904665985
SUSD1	0.89494667235739	1.3352778673185e-08	0.0992542957177625	0.00579889818104048
SLC30A5	0.919346476237375	1.01198620813208e-08	0.0752222418537165	0.00543114811568129
B4GALT2	0.925094994365464	9.30039286624018e-09	0.0691302380615938	0.00577463382587415
CSMD1	0.916528853175467	1.03044355506291e-08	0.0765928523336577	0.00687816089210946
NUP210L	0.918246885106118	1.00260194459001e-08	0.0745228480758374	0.00723013326657862
PRR27	0.92187677848093	9.69165843355357e-09	0.0720384655530379	0.00608462226062356
IGSF3	0.90570869565438	1.13180633260565e-08	0.0841245340202819	0.0101666371685046
MMP16	0.915824116948368	1.0367697390384e-08	0.0770628850068731	0.00711286447753412
MMRN2	0.901670496457167	1.20571261874108e-08	0.0896199375666826	0.00870943262348577
CCNB1IP1	0.871048327784616	1.60113533078852e-08	0.119013111618466	0.00993842740941678
GHDC	0.892990251731095	1.27631329496795e-08	0.0948647204518479	0.0121448949260794
CD96	0.903732504730325	1.18796766997337e-08	0.0883015810246534	0.00796578079241936
FAF2	0.90564309960317	1.15635949652309e-08	0.0859514955433627	0.0084052714599268
MSH2	0.885547773776976	1.46817450194331e-08	0.109133868114694	0.00531822429992602
DDX39B	0.91818630617546	1.01946142101276e-08	0.07577731910678	0.00603624100585048
DNAJA4	0.90625942749935	1.18463919633599e-08	0.0880564351943126	0.00568400354709049
EIF4E2	0.877680093327488	1.55905580496905e-08	0.115888567506286	0.00643120550739413
MARK3	0.893981679543462	1.35201820653301e-08	0.100498996302307	0.00551919037283397
YBX1	0.898714922328593	1.27509869087666e-08	0.0947800708642598	0.00650487315821525
EZR	0.91203537429342	1.11362114409984e-08	0.0827776877084171	0.00518680417209676
NQO2	0.919866635259529	9.47702246597648e-09	0.0704393242089962	0.0096939073111132
RPS4X	0.866081482840623	1.73209053918126e-08	0.128752656903987	0.00516572642649138
IDO1	0.908458790709913	1.15601559458836e-08	0.0859287239426191	0.00561235157859228
VASP	0.907407557232167	1.1687664657665e-08	0.0868764776171476	0.00571583139571583
NDE1	0.911958321803723	1.1039223245691e-08	0.082055911045369	0.005985633432197
RIPPLY1	0.910759699416374	1.09341572266195e-08	0.0812729037390907	0.00796726339213111
RNF149	0.904427787191164	1.10623612294775e-08	0.0822205451834538	0.0133515348965641
RNF150	0.922114945514757	9.71145032143239e-09	0.0721859775128046	0.00569894321519816
TMEM52B	0.881841106973522	1.52144415821185e-08	0.113094009827726	0.00506474935628292
DNAJC11	0.900019164512208	1.14568187847416e-08	0.0851513330000441	0.0148293699575337
IER3	0.91255773126414	1.0116235634658e-08	0.0751884615348508	0.0122536743246513
BRSK2	1.28073592897199e-31	1.34523112453452e-07	0.999999864969619	5.07275217104225e-10
IGDCC4	0.909959744311766	1.14006669240803e-08	0.0847434515315253	0.00529667034540858
ADCK4	0.914545678235438	1.07355455324599e-08	0.0797988026519655	0.00565538534950293
CEL	0.915067362481965	1.0609872405255e-08	0.0788641776791894	0.00606832613124743
NDUFB8	0.904622004128045	1.19535720517865e-08	0.0888523346317207	0.00652552759407787
SEMA4B	0.910757690928511	1.12208112944566e-08	0.0834059253027993	0.00583625002990247
TNRC6B	0.913138582112983	1.09167035801695e-08	0.0811454105536049	0.00571587357844715
ISOC1	0.917407243274318	1.01810995022898e-08	0.0756759748776168	0.00691664825447144
NUP210	0.846487334837647	1.93510841079963e-08	0.143839820078589	0.00967271186055314
DHFR	0.918795689382492	9.94150505595298e-09	0.0738945168157857	0.00730966026094394
FHIT	0.918462170065625	1.02308124244698e-08	0.0760469500308857	0.0054907461182697
LDHC	0.895087590122486	1.33169426327441e-08	0.0989877769672981	0.00592449918328784
SULT2A1	0.920537019097819	9.89688710366275e-09	0.0735642529342724	0.00589859423749849
VAV3	0.91793919028831	1.02823935291408e-08	0.0764302470435908	0.00563042890165129
G3BP2	0.911944466613504	1.11021635788178e-08	0.0825242429260856	0.00553115668062234
HGD	0.90716777639119	1.07534729753459e-08	0.0799248173835561	0.0129072734367316
ADH1B	0.916565975360457	1.05030686565758e-08	0.0780709396766276	0.00536295116052228
ALDH1A3	0.906148544853514	1.19856832759973e-08	0.0890928057541197	0.00475851550874483
NQO1	0.891766713951502	1.2701239127647e-08	0.0944029371403329	0.0138302162436759
SMAD1	0.914803802296205	1.07409170045906e-08	0.0798390307330046	0.00535703316760153
PAICS	0.890502931582649	1.38383535054953e-08	0.102863061783888	0.00663387300186793
ACTN1	0.902474216309993	1.20918432126933e-08	0.0898790751890119	0.00764657500549525
ACTN2	0.90909069775228	1.14446245269889e-08	0.0850696748391004	0.00583949367026723
ARHGDIB	0.917481450641871	1.0303321977387e-08	0.0765855196672203	0.00593289596510932
TGIF2	0.911510384441301	9.54237110718011e-09	0.0709172258201639	0.0175722575769342
CCNH	0.908996858724629	1.15271699057214e-08	0.0856838098968637	0.00531919757023427
APEX1	0.918130029705895	1.03044012542476e-08	0.0765941999101398	0.00527563656983768
EIF1AX	0.915402048147977	1.0512581256136e-08	0.0781405588547924	0.0064572593418998
IFIT2	0.921027824566457	9.79228141240212e-09	0.0727863620956656	0.00618567964605003
DHPS	0.894976601514017	1.33259766071184e-08	0.0990548886370071	0.0059683761279458
SAT1	0.91302992977777	1.02366211841897e-08	0.0760847359544661	0.0108852012074982
TPM4	0.919900183545173	1.00525974914853e-08	0.0747222731089684	0.00537740954540787
TTC1	0.906280423717638	1.16510735349163e-08	0.0866030708977096	0.0071163718178994
UBE2B	0.909900539422478	1.1391229131415e-08	0.0846731646428429	0.00542616214078136
NFKB1	0.903077983906755	1.16430661875178e-08	0.0865402817235058	0.0103816012417946
WARS	0.911704943163932	1.11610126085e-08	0.0829619050861536	0.00533301794349867
CTNNA2	0.915357040600136	1.06642168634392e-08	0.0792688505723827	0.00537397502656893
ESRRA	0.909620289468254	1.13028366601786e-08	0.0840151462809599	0.00636443058298072
CDKN2B	0.891952027135626	1.38156699690176e-08	0.102695721709422	0.00535211735110241
THOC1	0.914349750254111	1.03764016504834e-08	0.0771261784943913	0.00852393787390416
ALDOC	0.921520632357436	9.85052345535452e-09	0.0732202406669679	0.00525899315923264
CRKL	0.914819484684598	1.07670048492669e-08	0.0800331688732228	0.00514721261079303
TDO2	0.877334331512644	1.55126840153448e-08	0.115308752380726	0.00735678257218507
GLO1	0.923747836979675	9.53627699044315e-09	0.0708841285496942	0.00536790066890238
PPIL1	0.923315292260661	9.60191433869299e-09	0.0713721100996724	0.00531246383048893
RAP2A	0.921769706358398	9.75586755278466e-09	0.0725161452965885	0.0057140145897994
XRCC4	0.912423980162856	1.1068836927163e-08	0.0822767357407031	0.0052991502854728
RBBP6	0.910584264015452	1.12815963548275e-08	0.0838580598369729	0.00555754237133319
AFAP1L1	0.915539816014286	1.06023903596888e-08	0.0788089759045065	0.00565107431753546
OAZ1	0.902682074120921	1.24060004442261e-08	0.0922169608114342	0.005100831230026
MYO6	0.916824400437557	1.00887174456115e-08	0.0749879666879866	0.00818749945165083
ERCC4	0.910974215501712	1.12613877478227e-08	0.0837080757729773	0.00531757491681975
FOXG1	0.435415464406077	7.5326105187786e-08	0.559944454618926	0.00463994707543959
MCM6	0.917606950804239	1.0190354364357e-08	0.0757450412034581	0.00664787436258878
ARID1A	0.914710194726232	1.06019019133148e-08	0.0788045108709513	0.00648516075123529
KIF1C	0.859439388531875	1.73098892589286e-08	0.128664035937162	0.0118964426065966
NEFH	0.918850587083923	9.95245016886666e-09	0.0739760155241332	0.00717326383283623
EGLN1	0.921558371494729	9.82188435946872e-09	0.0730071718686714	0.00543432284379788
TNKS	0.912978592542785	1.09480541450486e-08	0.0813785333098291	0.00564274038259376
MTAP	0.900475643362486	1.2664416864883e-08	0.0941376563934811	0.00538656644481358
RRBP1	0.914042437642922	1.05422723001404e-08	0.0783601321167962	0.00759729673816029
LRRC4B	0.739703466386543	3.4422211372672e-08	0.255878799021728	0.00441760066229174
CALB1	0.90886388994531	1.15133421289573e-08	0.0855807828292904	0.00555519344884185
SOS1	0.908530032094845	1.12087268196672e-08	0.0833137735445278	0.00815606093359674
SCARF2	0.913511312867713	1.09260453283198e-08	0.0812152966045275	0.00527325671331248
S100P	0.899113575767234	1.27407866290181e-08	0.0947045685443554	0.00618172199605091
TNS4	0.926352456324973	9.08746097337551e-09	0.0675470477962214	0.00610036217551096
LECT1	0.892564993513419	1.3338843764594e-08	0.0991482205094783	0.00828665256762166
HSD17B7	0.900338133307132	1.21306481020117e-08	0.090165688298801	0.00949604514711446
KRT1	0.911304838808232	1.12228600905531e-08	0.0834217183093054	0.00527330906802177
SEMA4F	0.908412435877787	1.14629295010202e-08	0.0852052051675364	0.00638222528926322
ATP1B4	0.908142087338437	1.16466791374001e-08	0.0865722352432439	0.00528554360552303
PITPNA	0.919074063975751	1.00833274569612e-08	0.0749501111217786	0.00597569118242346
LNX1	0.884922650654692	1.44051140177353e-08	0.107074801498565	0.00800241439906382
GJA1	0.911230773826488	1.10905580052351e-08	0.08243717020464	0.00633192229669802
DUSP28	0.91928193527677	1.00859418314777e-08	0.0749697730415516	0.0057481579310528
PCDHB1	0.902758480731844	1.101021712559e-08	0.0818308643523574	0.0154105224636856
NXT1	0.911728030431379	1.10428330592975e-08	0.0820825415325313	0.00618929434474747
TOPBP1	0.914334054976032	1.04440674274507e-08	0.0776296710661441	0.00803614051467727
LAG3	0.884970600007032	1.26379203452569e-08	0.0939249723913393	0.0211042959146922
TFAM	0.911113552505846	1.1274295369119e-08	0.0838042622399125	0.00508205141409952
NPIPB3	0.904191937906392	1.13855680239015e-08	0.0846253254198232	0.0111826036534858
TMEM59L	0.921822515499727	9.70432998289804e-09	0.0721327015895285	0.00604464919996358
TBC1D5	0.892305169927832	1.3699839860717e-08	0.101834170982762	0.00586052535388085
CDHR5	0.874955912642979	1.35692850259021e-08	0.100845331868831	0.0241986242170961
PCDHB10	0.90851769942645	1.13766378957469e-08	0.0845632054734103	0.00691896150685644
SLC22A16	0.919915767807385	1.0068082141382e-08	0.0748375116446768	0.00524658672990791
UBXN4	0.858831564290747	1.83163991653793e-08	0.136152975356741	0.00501532650340337
CSMD2	0.912495184771942	1.07555187162297e-08	0.0799453727020877	0.00755930901874189
AMIGO1	0.920017414575422	1.00327994159439e-08	0.0745750708600082	0.00540738076814773
PRSS35	0.915350878214947	1.0503142448959e-08	0.0780702724600202	0.00657871568602495
NPW	0.908786931567527	1.14604359716062e-08	0.0851870254191134	0.00602590930006102
LRRC24	0.909112150278538	1.14858633252158e-08	0.0853765586208801	0.00551115731810671
ZNF264	0.917671235005438	1.03515565858913e-08	0.076944628521782	0.00538400267321686
ATP4B	0.908150967439449	1.16365441630526e-08	0.0864968287042582	0.00535207005243645
DUT	0.918035049304197	1.03010138468883e-08	0.0765688987742329	0.00539591812360791
IRF6	0.907925324190768	1.14872059684937e-08	0.0853853613588341	0.00668918082623531
